title,start_time,end_time,description,exercise_title,superset_id,exercise_notes,set_index,set_type,weight_lbs,reps,distance_miles,duration_seconds,rpe
I'm Still Standing - Elton John,"12 Sep 2024, 21:46","12 Sep 2024, 23:16",,Squat (Smith Machine),,,0,warmup,105,15,,,
I'm Still Standing - Elton John,"12 Sep 2024, 21:46","12 Sep 2024, 23:16",,Squat (Smith Machine),,,1,normal,155,15,,,
I'm Still Standing - Elton John,"12 Sep 2024, 21:46","12 Sep 2024, 23:16",,Squat (Smith Machine),,,2,normal,185,15,,,
I'm Still Standing - Elton John,"12 Sep 2024, 21:46","12 Sep 2024, 23:16",,Squat (Smith Machine),,,3,normal,195,12,,,
I'm Still Standing - Elton John,"12 Sep 2024, 21:46","12 Sep 2024, 23:16",,Squat (Smith Machine),,,4,normal,185,6,,,
I'm Still Standing - Elton John,"12 Sep 2024, 21:46","12 Sep 2024, 23:16",,Squat (Smith Machine),,,5,normal,165,15,,,
I'm Still Standing - Elton John,"12 Sep 2024, 21:46","12 Sep 2024, 23:16",,Standing Calf Raise (Smith),,,0,normal,65,15,,,
I'm Still Standing - Elton John,"12 Sep 2024, 21:46","12 Sep 2024, 23:16",,Standing Calf Raise (Smith),,,1,normal,80,15,,,
I'm Still Standing - Elton John,"12 Sep 2024, 21:46","12 Sep 2024, 23:16",,Standing Calf Raise (Smith),,,2,normal,90,15,,,
I'm Still Standing - Elton John,"12 Sep 2024, 21:46","12 Sep 2024, 23:16",,Seated Leg Curl (Machine),,,0,normal,100,15,,,
I'm Still Standing - Elton John,"12 Sep 2024, 21:46","12 Sep 2024, 23:16",,Seated Leg Curl (Machine),,,1,normal,122.5,14,,,
I'm Still Standing - Elton John,"12 Sep 2024, 21:46","12 Sep 2024, 23:16",,Seated Leg Curl (Machine),,,2,normal,120,12,,,
I'm Still Standing - Elton John,"12 Sep 2024, 21:46","12 Sep 2024, 23:16",,Seated Leg Curl (Machine),,,3,normal,110,15,,,
I'm Still Standing - Elton John,"12 Sep 2024, 21:46","12 Sep 2024, 23:16",,Leg Extension (Machine),,,0,normal,80,15,,,
I'm Still Standing - Elton John,"12 Sep 2024, 21:46","12 Sep 2024, 23:16",,Leg Extension (Machine),,,1,normal,105,15,,,
I'm Still Standing - Elton John,"12 Sep 2024, 21:46","12 Sep 2024, 23:16",,Leg Extension (Machine),,,2,normal,127.5,15,,,
I'm Still Standing - Elton John,"12 Sep 2024, 21:46","12 Sep 2024, 23:16",,Leg Extension (Machine),,,3,normal,132.5,14,,,
Back in Black - AC/DC,"11 Sep 2024, 22:02","11 Sep 2024, 23:14",,Pull Up (Assisted),,,0,warmup,75,15,,,
Back in Black - AC/DC,"11 Sep 2024, 22:02","11 Sep 2024, 23:14",,Pull Up (Assisted),,,1,normal,45,15,,,
Back in Black - AC/DC,"11 Sep 2024, 22:02","11 Sep 2024, 23:14",,Pull Up (Assisted),,,2,normal,30,10,,,
Back in Black - AC/DC,"11 Sep 2024, 22:02","11 Sep 2024, 23:14",,Pull Up (Assisted),,,3,normal,35,12,,,
Back in Black - AC/DC,"11 Sep 2024, 22:02","11 Sep 2024, 23:14",,Pull Up (Assisted),,,4,normal,45,12,,,
Back in Black - AC/DC,"11 Sep 2024, 22:02","11 Sep 2024, 23:14",,Pull Up (Assisted),,,5,normal,50,15,,,
Back in Black - AC/DC,"11 Sep 2024, 22:02","11 Sep 2024, 23:14",,Seated Row (Machine),,,0,normal,40,15,,,
Back in Black - AC/DC,"11 Sep 2024, 22:02","11 Sep 2024, 23:14",,Seated Row (Machine),,,1,normal,55,15,,,
Back in Black - AC/DC,"11 Sep 2024, 22:02","11 Sep 2024, 23:14",,Seated Row (Machine),,,2,normal,60,11,,,
Back in Black - AC/DC,"11 Sep 2024, 22:02","11 Sep 2024, 23:14",,Seated Row (Machine),,,3,normal,60,12,,,
Back in Black - AC/DC,"11 Sep 2024, 22:02","11 Sep 2024, 23:14",,Seated Cable Row - V Grip (Cable),,,0,normal,120,14,,,
Back in Black - AC/DC,"11 Sep 2024, 22:02","11 Sep 2024, 23:14",,Seated Cable Row - V Grip (Cable),,,1,normal,115,11,,,
Back in Black - AC/DC,"11 Sep 2024, 22:02","11 Sep 2024, 23:14",,Seated Cable Row - V Grip (Cable),,,2,normal,105,15,,,
Back in Black - AC/DC,"11 Sep 2024, 22:02","11 Sep 2024, 23:14",,Seated Cable Row - V Grip (Cable),,,3,normal,120,13,,,
Back in Black - AC/DC,"11 Sep 2024, 22:02","11 Sep 2024, 23:14",,Shrug (Dumbbell),,,0,normal,50,15,,,
Back in Black - AC/DC,"11 Sep 2024, 22:02","11 Sep 2024, 23:14",,Shrug (Dumbbell),,,1,normal,55,15,,,
Back in Black - AC/DC,"11 Sep 2024, 22:02","11 Sep 2024, 23:14",,Shrug (Dumbbell),,,2,normal,60,12,,,
Back in Black - AC/DC,"11 Sep 2024, 22:02","11 Sep 2024, 23:14",,Hammer Curl (Cable),,,0,normal,65,15,,,
Back in Black - AC/DC,"11 Sep 2024, 22:02","11 Sep 2024, 23:14",,Hammer Curl (Cable),,,1,normal,95,15,,,
Back in Black - AC/DC,"11 Sep 2024, 22:02","11 Sep 2024, 23:14",,Hammer Curl (Cable),,,2,normal,100,11,,,
Shoulder Boulders - S3rl,"9 Sep 2024, 22:06","9 Sep 2024, 23:13",,Bench Press (Smith Machine),,,0,warmup,75,15,,,
Shoulder Boulders - S3rl,"9 Sep 2024, 22:06","9 Sep 2024, 23:13",,Bench Press (Smith Machine),,,1,normal,110,15,,,
Shoulder Boulders - S3rl,"9 Sep 2024, 22:06","9 Sep 2024, 23:13",,Bench Press (Smith Machine),,,2,normal,145,15,,,
Shoulder Boulders - S3rl,"9 Sep 2024, 22:06","9 Sep 2024, 23:13",,Bench Press (Smith Machine),,,3,normal,150,13,,,
Shoulder Boulders - S3rl,"9 Sep 2024, 22:06","9 Sep 2024, 23:13",,Bench Press (Smith Machine),,,4,normal,125,14,,,
Shoulder Boulders - S3rl,"9 Sep 2024, 22:06","9 Sep 2024, 23:13",,Bench Press (Smith Machine),,,5,normal,115,15,,,
Shoulder Boulders - S3rl,"9 Sep 2024, 22:06","9 Sep 2024, 23:13",,Incline Bench Press (Dumbbell),,,0,normal,25,15,,,
Shoulder Boulders - S3rl,"9 Sep 2024, 22:06","9 Sep 2024, 23:13",,Incline Bench Press (Dumbbell),,,1,normal,40,15,,,
Shoulder Boulders - S3rl,"9 Sep 2024, 22:06","9 Sep 2024, 23:13",,Incline Bench Press (Dumbbell),,,2,normal,45,14,,,
Shoulder Boulders - S3rl,"9 Sep 2024, 22:06","9 Sep 2024, 23:13",,Incline Bench Press (Dumbbell),,,3,normal,40,15,,,
Shoulder Boulders - S3rl,"9 Sep 2024, 22:06","9 Sep 2024, 23:13",,Chest Dip (Assisted),,,0,normal,15,15,,,
Shoulder Boulders - S3rl,"9 Sep 2024, 22:06","9 Sep 2024, 23:13",,Chest Dip (Assisted),,,1,normal,,9,,,
Shoulder Boulders - S3rl,"9 Sep 2024, 22:06","9 Sep 2024, 23:13",,Chest Dip (Assisted),,,2,normal,20,15,,,
Shoulder Boulders - S3rl,"9 Sep 2024, 22:06","9 Sep 2024, 23:13",,Triceps Extension (Cable),,,0,normal,60,15,,,
Shoulder Boulders - S3rl,"9 Sep 2024, 22:06","9 Sep 2024, 23:13",,Triceps Extension (Cable),,,1,normal,70,12,,,
Shoulder Boulders - S3rl,"9 Sep 2024, 22:06","9 Sep 2024, 23:13",,Triceps Extension (Cable),,,2,normal,65,8,,,
I Just Died Died In Your Arms - Cutting Crew,"8 Sep 2024, 13:40","8 Sep 2024, 15:18",,Bicep Curl (Dumbbell),,,0,warmup,20,15,,,
I Just Died Died In Your Arms - Cutting Crew,"8 Sep 2024, 13:40","8 Sep 2024, 15:18",,Bicep Curl (Dumbbell),,,1,normal,35,15,,,
I Just Died Died In Your Arms - Cutting Crew,"8 Sep 2024, 13:40","8 Sep 2024, 15:18",,Bicep Curl (Dumbbell),,,2,normal,40,15,,,
I Just Died Died In Your Arms - Cutting Crew,"8 Sep 2024, 13:40","8 Sep 2024, 15:18",,Bicep Curl (Dumbbell),,,3,normal,45,5,,,
I Just Died Died In Your Arms - Cutting Crew,"8 Sep 2024, 13:40","8 Sep 2024, 15:18",,Bicep Curl (Dumbbell),,,4,normal,35,12,,,
I Just Died Died In Your Arms - Cutting Crew,"8 Sep 2024, 13:40","8 Sep 2024, 15:18",,Bench Press - Close Grip (Barbell),,,0,normal,105,15,,,
I Just Died Died In Your Arms - Cutting Crew,"8 Sep 2024, 13:40","8 Sep 2024, 15:18",,Bench Press - Close Grip (Barbell),,,1,normal,135,15,,,
I Just Died Died In Your Arms - Cutting Crew,"8 Sep 2024, 13:40","8 Sep 2024, 15:18",,Bench Press - Close Grip (Barbell),,,2,normal,140,14,,,
I Just Died Died In Your Arms - Cutting Crew,"8 Sep 2024, 13:40","8 Sep 2024, 15:18",,Bench Press - Close Grip (Barbell),,,3,normal,130,15,,,
I Just Died Died In Your Arms - Cutting Crew,"8 Sep 2024, 13:40","8 Sep 2024, 15:18",,Spider Curl (Dumbbell),,,0,normal,25,15,,,
I Just Died Died In Your Arms - Cutting Crew,"8 Sep 2024, 13:40","8 Sep 2024, 15:18",,Spider Curl (Dumbbell),,,1,normal,30,10,,,
I Just Died Died In Your Arms - Cutting Crew,"8 Sep 2024, 13:40","8 Sep 2024, 15:18",,Spider Curl (Dumbbell),,,2,normal,25,14,,,
I Just Died Died In Your Arms - Cutting Crew,"8 Sep 2024, 13:40","8 Sep 2024, 15:18",,Triceps Extension (Dumbbell),,,0,normal,45,15,,,
I Just Died Died In Your Arms - Cutting Crew,"8 Sep 2024, 13:40","8 Sep 2024, 15:18",,Triceps Extension (Dumbbell),,,1,normal,50,15,,,
I Just Died Died In Your Arms - Cutting Crew,"8 Sep 2024, 13:40","8 Sep 2024, 15:18",,Triceps Extension (Dumbbell),,,2,normal,55,11,,,
I Just Died Died In Your Arms - Cutting Crew,"8 Sep 2024, 13:40","8 Sep 2024, 15:18",,Preacher Curl (Machine),,,0,normal,100,15,,,
I Just Died Died In Your Arms - Cutting Crew,"8 Sep 2024, 13:40","8 Sep 2024, 15:18",,Preacher Curl (Machine),,,1,normal,105,8,,,
I Just Died Died In Your Arms - Cutting Crew,"8 Sep 2024, 13:40","8 Sep 2024, 15:18",,Preacher Curl (Machine),,,2,normal,95,7,,,
I Just Died Died In Your Arms - Cutting Crew,"8 Sep 2024, 13:40","8 Sep 2024, 15:18",,Triceps Pushdown,,,0,normal,60,15,,,
I Just Died Died In Your Arms - Cutting Crew,"8 Sep 2024, 13:40","8 Sep 2024, 15:18",,Triceps Pushdown,,,1,normal,70,15,,,
I Just Died Died In Your Arms - Cutting Crew,"8 Sep 2024, 13:40","8 Sep 2024, 15:18",,Triceps Pushdown,,,2,normal,65,14,,,
I Just Died Died In Your Arms - Cutting Crew,"8 Sep 2024, 13:40","8 Sep 2024, 15:18",,Flutter Kicks,,,0,normal,,10,,,
I Just Died Died In Your Arms - Cutting Crew,"8 Sep 2024, 13:40","8 Sep 2024, 15:18",,Flutter Kicks,,,1,normal,,10,,,
I Just Died Died In Your Arms - Cutting Crew,"8 Sep 2024, 13:40","8 Sep 2024, 15:18",,Flutter Kicks,,,2,normal,,10,,,
I Just Died Died In Your Arms - Cutting Crew,"8 Sep 2024, 13:40","8 Sep 2024, 15:18",,Russian Twist (Weighted),,,0,normal,10,10,,,
I Just Died Died In Your Arms - Cutting Crew,"8 Sep 2024, 13:40","8 Sep 2024, 15:18",,Russian Twist (Weighted),,,1,normal,20,10,,,
I Just Died Died In Your Arms - Cutting Crew,"8 Sep 2024, 13:40","8 Sep 2024, 15:18",,Russian Twist (Weighted),,,2,normal,25,10,,,
Hips Don’t Lie - Shakira,"6 Sep 2024, 21:58","6 Sep 2024, 23:14",,Lateral Band Walks,,,0,normal,,20,,,
Hips Don’t Lie - Shakira,"6 Sep 2024, 21:58","6 Sep 2024, 23:14",,Lateral Band Walks,,,1,normal,,20,,,
Hips Don’t Lie - Shakira,"6 Sep 2024, 21:58","6 Sep 2024, 23:14",,Lateral Band Walks,,,2,normal,,20,,,
Hips Don’t Lie - Shakira,"6 Sep 2024, 21:58","6 Sep 2024, 23:14",,Fire Hydrants,,,0,normal,,20,,,
Hips Don’t Lie - Shakira,"6 Sep 2024, 21:58","6 Sep 2024, 23:14",,Fire Hydrants,,,1,normal,,20,,,
Hips Don’t Lie - Shakira,"6 Sep 2024, 21:58","6 Sep 2024, 23:14",,Fire Hydrants,,,2,normal,,20,,,
Hips Don’t Lie - Shakira,"6 Sep 2024, 21:58","6 Sep 2024, 23:14",,Goblet Squat,,,0,normal,25,15,,,
Hips Don’t Lie - Shakira,"6 Sep 2024, 21:58","6 Sep 2024, 23:14",,Goblet Squat,,,1,normal,25,15,,,
Hips Don’t Lie - Shakira,"6 Sep 2024, 21:58","6 Sep 2024, 23:14",,Goblet Squat,,,2,normal,25,15,,,
Hips Don’t Lie - Shakira,"6 Sep 2024, 21:58","6 Sep 2024, 23:14",,Shoulder Press (Dumbbell),,,0,warmup,20,15,,,
Hips Don’t Lie - Shakira,"6 Sep 2024, 21:58","6 Sep 2024, 23:14",,Shoulder Press (Dumbbell),,,1,normal,35,15,,,
Hips Don’t Lie - Shakira,"6 Sep 2024, 21:58","6 Sep 2024, 23:14",,Shoulder Press (Dumbbell),,,2,normal,50,12,,,
Hips Don’t Lie - Shakira,"6 Sep 2024, 21:58","6 Sep 2024, 23:14",,Shoulder Press (Dumbbell),,,3,normal,40,15,,,
Hips Don’t Lie - Shakira,"6 Sep 2024, 21:58","6 Sep 2024, 23:14",,Shoulder Press (Dumbbell),,,4,normal,45,10,,,
Hips Don’t Lie - Shakira,"6 Sep 2024, 21:58","6 Sep 2024, 23:14",,Shoulder Press (Dumbbell),,,5,normal,40,9,,,
Hips Don’t Lie - Shakira,"6 Sep 2024, 21:58","6 Sep 2024, 23:14",,Upright Row (Barbell),,,0,normal,60,15,,,
Hips Don’t Lie - Shakira,"6 Sep 2024, 21:58","6 Sep 2024, 23:14",,Upright Row (Barbell),,,1,normal,70,15,,,
Hips Don’t Lie - Shakira,"6 Sep 2024, 21:58","6 Sep 2024, 23:14",,Upright Row (Barbell),,,2,normal,70,12,,,
Hips Don’t Lie - Shakira,"6 Sep 2024, 21:58","6 Sep 2024, 23:14",,Upright Row (Barbell),,,3,normal,60,15,,,
Hips Don’t Lie - Shakira,"6 Sep 2024, 21:58","6 Sep 2024, 23:14",,Front Raise (Cable),,,0,normal,20,13,,,
Hips Don’t Lie - Shakira,"6 Sep 2024, 21:58","6 Sep 2024, 23:14",,Front Raise (Cable),,,1,normal,15,15,,,
Hips Don’t Lie - Shakira,"6 Sep 2024, 21:58","6 Sep 2024, 23:14",,Front Raise (Cable),,,2,normal,20,14,,,
Hips Don’t Lie - Shakira,"6 Sep 2024, 21:58","6 Sep 2024, 23:14",,Front Raise (Cable),,,3,normal,25,10,,,
Back in Black - AC/DC,"5 Sep 2024, 22:00","5 Sep 2024, 23:18",,Pull Up (Assisted),,,0,warmup,75,10,,,
Back in Black - AC/DC,"5 Sep 2024, 22:00","5 Sep 2024, 23:18",,Pull Up (Assisted),,,1,normal,45,15,,,
Back in Black - AC/DC,"5 Sep 2024, 22:00","5 Sep 2024, 23:18",,Pull Up (Assisted),,,2,normal,35,13,,,
Back in Black - AC/DC,"5 Sep 2024, 22:00","5 Sep 2024, 23:18",,Pull Up (Assisted),,,3,normal,45,15,,,
Back in Black - AC/DC,"5 Sep 2024, 22:00","5 Sep 2024, 23:18",,Pull Up (Assisted),,,4,normal,45,11,,,
Back in Black - AC/DC,"5 Sep 2024, 22:00","5 Sep 2024, 23:18",,Pull Up (Assisted),,,5,normal,50,13,,,
Back in Black - AC/DC,"5 Sep 2024, 22:00","5 Sep 2024, 23:18",,Seated Row (Machine),,,0,normal,40,15,,,
Back in Black - AC/DC,"5 Sep 2024, 22:00","5 Sep 2024, 23:18",,Seated Row (Machine),,,1,normal,45,15,,,
Back in Black - AC/DC,"5 Sep 2024, 22:00","5 Sep 2024, 23:18",,Seated Row (Machine),,,2,normal,50,15,,,
Back in Black - AC/DC,"5 Sep 2024, 22:00","5 Sep 2024, 23:18",,Seated Row (Machine),,,3,normal,55,11,,,
Back in Black - AC/DC,"5 Sep 2024, 22:00","5 Sep 2024, 23:18",,Seated Cable Row - V Grip (Cable),,,0,normal,115,11,,,
Back in Black - AC/DC,"5 Sep 2024, 22:00","5 Sep 2024, 23:18",,Seated Cable Row - V Grip (Cable),,,1,normal,100,15,,,
Back in Black - AC/DC,"5 Sep 2024, 22:00","5 Sep 2024, 23:18",,Seated Cable Row - V Grip (Cable),,,2,normal,115,13,,,
Back in Black - AC/DC,"5 Sep 2024, 22:00","5 Sep 2024, 23:18",,Seated Cable Row - V Grip (Cable),,,3,normal,105,15,,,
Back in Black - AC/DC,"5 Sep 2024, 22:00","5 Sep 2024, 23:18",,Shrug (Dumbbell),,,0,normal,45,15,,,
Back in Black - AC/DC,"5 Sep 2024, 22:00","5 Sep 2024, 23:18",,Shrug (Dumbbell),,,1,normal,50,15,,,
Back in Black - AC/DC,"5 Sep 2024, 22:00","5 Sep 2024, 23:18",,Shrug (Dumbbell),,,2,normal,55,15,,,
Back in Black - AC/DC,"5 Sep 2024, 22:00","5 Sep 2024, 23:18",,Hammer Curl (Cable),,,0,normal,65,15,,,
Back in Black - AC/DC,"5 Sep 2024, 22:00","5 Sep 2024, 23:18",,Hammer Curl (Cable),,,1,normal,80,15,,,
Back in Black - AC/DC,"5 Sep 2024, 22:00","5 Sep 2024, 23:18",,Hammer Curl (Cable),,,2,normal,90,13,,,
I'm Still Standing - Elton John,"4 Sep 2024, 21:58","4 Sep 2024, 23:13",,Squat (Smith Machine),,,0,warmup,95,15,,,
I'm Still Standing - Elton John,"4 Sep 2024, 21:58","4 Sep 2024, 23:13",,Squat (Smith Machine),,,1,normal,135,15,,,
I'm Still Standing - Elton John,"4 Sep 2024, 21:58","4 Sep 2024, 23:13",,Squat (Smith Machine),,,2,normal,170,15,,,
I'm Still Standing - Elton John,"4 Sep 2024, 21:58","4 Sep 2024, 23:13",,Squat (Smith Machine),,,3,normal,180,15,,,
I'm Still Standing - Elton John,"4 Sep 2024, 21:58","4 Sep 2024, 23:13",,Squat (Smith Machine),,,4,normal,185,12,,,
I'm Still Standing - Elton John,"4 Sep 2024, 21:58","4 Sep 2024, 23:13",,Squat (Smith Machine),,,5,normal,195,3,,,
I'm Still Standing - Elton John,"4 Sep 2024, 21:58","4 Sep 2024, 23:13",,Standing Calf Raise (Smith),,,0,normal,50,15,,,
I'm Still Standing - Elton John,"4 Sep 2024, 21:58","4 Sep 2024, 23:13",,Standing Calf Raise (Smith),,,1,normal,65,15,,,
I'm Still Standing - Elton John,"4 Sep 2024, 21:58","4 Sep 2024, 23:13",,Standing Calf Raise (Smith),,,2,normal,75,15,,,
I'm Still Standing - Elton John,"4 Sep 2024, 21:58","4 Sep 2024, 23:13",,Standing Calf Raise (Smith),,,3,normal,85,14,,,
I'm Still Standing - Elton John,"4 Sep 2024, 21:58","4 Sep 2024, 23:13",,Seated Leg Curl (Machine),,,0,normal,95,15,,,
I'm Still Standing - Elton John,"4 Sep 2024, 21:58","4 Sep 2024, 23:13",,Seated Leg Curl (Machine),,,1,normal,110,15,,,
I'm Still Standing - Elton John,"4 Sep 2024, 21:58","4 Sep 2024, 23:13",,Seated Leg Curl (Machine),,,2,normal,122.5,9,,,
I'm Still Standing - Elton John,"4 Sep 2024, 21:58","4 Sep 2024, 23:13",,Seated Leg Curl (Machine),,,3,normal,110,12,,,
I'm Still Standing - Elton John,"4 Sep 2024, 21:58","4 Sep 2024, 23:13",,Leg Extension (Machine),,,0,normal,60,15,,,
I'm Still Standing - Elton John,"4 Sep 2024, 21:58","4 Sep 2024, 23:13",,Leg Extension (Machine),,,1,normal,85,15,,,
I'm Still Standing - Elton John,"4 Sep 2024, 21:58","4 Sep 2024, 23:13",,Leg Extension (Machine),,,2,normal,100,15,,,
I'm Still Standing - Elton John,"4 Sep 2024, 21:58","4 Sep 2024, 23:13",,Leg Extension (Machine),,,3,normal,120,15,,,
Shoulder Boulders - S3rl,"3 Sep 2024, 22:03","3 Sep 2024, 23:24",,Bench Press (Smith Machine),,,0,warmup,75,15,,,
Shoulder Boulders - S3rl,"3 Sep 2024, 22:03","3 Sep 2024, 23:24",,Bench Press (Smith Machine),,,1,normal,105,15,,,
Shoulder Boulders - S3rl,"3 Sep 2024, 22:03","3 Sep 2024, 23:24",,Bench Press (Smith Machine),,,2,normal,135,15,,,
Shoulder Boulders - S3rl,"3 Sep 2024, 22:03","3 Sep 2024, 23:24",,Bench Press (Smith Machine),,,3,normal,150,11,,,
Shoulder Boulders - S3rl,"3 Sep 2024, 22:03","3 Sep 2024, 23:24",,Bench Press (Smith Machine),,,4,normal,130,10,,,
Shoulder Boulders - S3rl,"3 Sep 2024, 22:03","3 Sep 2024, 23:24",,Bench Press (Smith Machine),,,5,normal,115,13,,,
Shoulder Boulders - S3rl,"3 Sep 2024, 22:03","3 Sep 2024, 23:24",,Incline Bench Press (Dumbbell),,,0,normal,25,15,,,
Shoulder Boulders - S3rl,"3 Sep 2024, 22:03","3 Sep 2024, 23:24",,Incline Bench Press (Dumbbell),,,1,normal,35,14,,,
Shoulder Boulders - S3rl,"3 Sep 2024, 22:03","3 Sep 2024, 23:24",,Incline Bench Press (Dumbbell),,,2,normal,35,14,,,
Shoulder Boulders - S3rl,"3 Sep 2024, 22:03","3 Sep 2024, 23:24",,Incline Bench Press (Dumbbell),,,3,normal,40,8,,,
Shoulder Boulders - S3rl,"3 Sep 2024, 22:03","3 Sep 2024, 23:24",,Pullover (Dumbbell),,,0,normal,35,15,,,
Shoulder Boulders - S3rl,"3 Sep 2024, 22:03","3 Sep 2024, 23:24",,Pullover (Dumbbell),,,1,normal,40,15,,,
Shoulder Boulders - S3rl,"3 Sep 2024, 22:03","3 Sep 2024, 23:24",,Pullover (Dumbbell),,,2,normal,45,15,,,
Shoulder Boulders - S3rl,"3 Sep 2024, 22:03","3 Sep 2024, 23:24",,Pullover (Dumbbell),,,3,normal,50,10,,,
Shoulder Boulders - S3rl,"3 Sep 2024, 22:03","3 Sep 2024, 23:24",,Chest Dip (Assisted),,,0,normal,30,15,,,
Shoulder Boulders - S3rl,"3 Sep 2024, 22:03","3 Sep 2024, 23:24",,Chest Dip (Assisted),,,1,normal,20,14,,,
Shoulder Boulders - S3rl,"3 Sep 2024, 22:03","3 Sep 2024, 23:24",,Chest Dip (Assisted),,,2,normal,20,11,,,
Shoulder Boulders - S3rl,"3 Sep 2024, 22:03","3 Sep 2024, 23:24",,Triceps Extension (Cable),,,0,normal,50,15,,,
Shoulder Boulders - S3rl,"3 Sep 2024, 22:03","3 Sep 2024, 23:24",,Triceps Extension (Cable),,,1,normal,60,15,,,
Shoulder Boulders - S3rl,"3 Sep 2024, 22:03","3 Sep 2024, 23:24",,Triceps Extension (Cable),,,2,normal,65,12,,,
I Just Died Died In Your Arms - Cutting Crew,"31 Aug 2024, 19:34","31 Aug 2024, 20:56",,Bicep Curl (Dumbbell),,,0,warmup,20,15,,,
I Just Died Died In Your Arms - Cutting Crew,"31 Aug 2024, 19:34","31 Aug 2024, 20:56",,Bicep Curl (Dumbbell),,,1,normal,30,15,,,
I Just Died Died In Your Arms - Cutting Crew,"31 Aug 2024, 19:34","31 Aug 2024, 20:56",,Bicep Curl (Dumbbell),,,2,normal,40,12,,,
I Just Died Died In Your Arms - Cutting Crew,"31 Aug 2024, 19:34","31 Aug 2024, 20:56",,Bicep Curl (Dumbbell),,,3,normal,40,11,,,
I Just Died Died In Your Arms - Cutting Crew,"31 Aug 2024, 19:34","31 Aug 2024, 20:56",,Bicep Curl (Dumbbell),,,4,normal,35,13,,,
I Just Died Died In Your Arms - Cutting Crew,"31 Aug 2024, 19:34","31 Aug 2024, 20:56",,Bench Press - Close Grip (Barbell),,,0,normal,75,15,,,
I Just Died Died In Your Arms - Cutting Crew,"31 Aug 2024, 19:34","31 Aug 2024, 20:56",,Bench Press - Close Grip (Barbell),,,1,normal,105,15,,,
I Just Died Died In Your Arms - Cutting Crew,"31 Aug 2024, 19:34","31 Aug 2024, 20:56",,Bench Press - Close Grip (Barbell),,,2,normal,130,15,,,
I Just Died Died In Your Arms - Cutting Crew,"31 Aug 2024, 19:34","31 Aug 2024, 20:56",,Bench Press - Close Grip (Barbell),,,3,normal,135,8,,,
I Just Died Died In Your Arms - Cutting Crew,"31 Aug 2024, 19:34","31 Aug 2024, 20:56",,Spider Curl (Dumbbell),,,0,normal,20,15,,,
I Just Died Died In Your Arms - Cutting Crew,"31 Aug 2024, 19:34","31 Aug 2024, 20:56",,Spider Curl (Dumbbell),,,1,normal,30,12,,,
I Just Died Died In Your Arms - Cutting Crew,"31 Aug 2024, 19:34","31 Aug 2024, 20:56",,Spider Curl (Dumbbell),,,2,normal,25,13,,,
I Just Died Died In Your Arms - Cutting Crew,"31 Aug 2024, 19:34","31 Aug 2024, 20:56",,Spider Curl (Dumbbell),,,3,normal,25,15,,,
I Just Died Died In Your Arms - Cutting Crew,"31 Aug 2024, 19:34","31 Aug 2024, 20:56",,Triceps Extension (Dumbbell),,,0,normal,40,15,,,
I Just Died Died In Your Arms - Cutting Crew,"31 Aug 2024, 19:34","31 Aug 2024, 20:56",,Triceps Extension (Dumbbell),,,1,normal,55,8,,,
I Just Died Died In Your Arms - Cutting Crew,"31 Aug 2024, 19:34","31 Aug 2024, 20:56",,Triceps Extension (Dumbbell),,,2,normal,50,9,,,
I Just Died Died In Your Arms - Cutting Crew,"31 Aug 2024, 19:34","31 Aug 2024, 20:56",,Triceps Extension (Dumbbell),,,3,normal,45,14,,,
I Just Died Died In Your Arms - Cutting Crew,"31 Aug 2024, 19:34","31 Aug 2024, 20:56",,Preacher Curl (Machine),,,0,normal,95,15,,,
I Just Died Died In Your Arms - Cutting Crew,"31 Aug 2024, 19:34","31 Aug 2024, 20:56",,Preacher Curl (Machine),,,1,normal,90,12,,,
I Just Died Died In Your Arms - Cutting Crew,"31 Aug 2024, 19:34","31 Aug 2024, 20:56",,Preacher Curl (Machine),,,2,normal,75,15,,,
I Just Died Died In Your Arms - Cutting Crew,"31 Aug 2024, 19:34","31 Aug 2024, 20:56",,Preacher Curl (Machine),,,3,normal,80,12,,,
I Just Died Died In Your Arms - Cutting Crew,"31 Aug 2024, 19:34","31 Aug 2024, 20:56",,Triceps Pushdown,,,0,normal,42.5,15,,,
I Just Died Died In Your Arms - Cutting Crew,"31 Aug 2024, 19:34","31 Aug 2024, 20:56",,Triceps Pushdown,,,1,normal,57.5,15,,,
I Just Died Died In Your Arms - Cutting Crew,"31 Aug 2024, 19:34","31 Aug 2024, 20:56",,Triceps Pushdown,,,2,normal,72.5,8,,,
I Just Died Died In Your Arms - Cutting Crew,"31 Aug 2024, 19:34","31 Aug 2024, 20:56",,Triceps Pushdown,,,3,normal,65,14,,,
Hips Don’t Lie - Shakira,"30 Aug 2024, 22:26","30 Aug 2024, 23:54",,Lateral Band Walks,,,0,normal,,20,,,
Hips Don’t Lie - Shakira,"30 Aug 2024, 22:26","30 Aug 2024, 23:54",,Lateral Band Walks,,,1,normal,,20,,,
Hips Don’t Lie - Shakira,"30 Aug 2024, 22:26","30 Aug 2024, 23:54",,Lateral Band Walks,,,2,normal,,20,,,
Hips Don’t Lie - Shakira,"30 Aug 2024, 22:26","30 Aug 2024, 23:54",,Lateral Band Walks,,,3,normal,,20,,,
Hips Don’t Lie - Shakira,"30 Aug 2024, 22:26","30 Aug 2024, 23:54",,Fire Hydrants,,,0,normal,,20,,,
Hips Don’t Lie - Shakira,"30 Aug 2024, 22:26","30 Aug 2024, 23:54",,Fire Hydrants,,,1,normal,,20,,,
Hips Don’t Lie - Shakira,"30 Aug 2024, 22:26","30 Aug 2024, 23:54",,Fire Hydrants,,,2,normal,,20,,,
Hips Don’t Lie - Shakira,"30 Aug 2024, 22:26","30 Aug 2024, 23:54",,Fire Hydrants,,,3,normal,,20,,,
Hips Don’t Lie - Shakira,"30 Aug 2024, 22:26","30 Aug 2024, 23:54",,Goblet Squat,,,0,normal,25,15,,,
Hips Don’t Lie - Shakira,"30 Aug 2024, 22:26","30 Aug 2024, 23:54",,Goblet Squat,,,1,normal,25,15,,,
Hips Don’t Lie - Shakira,"30 Aug 2024, 22:26","30 Aug 2024, 23:54",,Goblet Squat,,,2,normal,25,12,,,
Hips Don’t Lie - Shakira,"30 Aug 2024, 22:26","30 Aug 2024, 23:54",,Goblet Squat,,,3,normal,25,15,,,
Hips Don’t Lie - Shakira,"30 Aug 2024, 22:26","30 Aug 2024, 23:54",,Shoulder Press (Dumbbell),,,0,normal,25,15,,,
Hips Don’t Lie - Shakira,"30 Aug 2024, 22:26","30 Aug 2024, 23:54",,Shoulder Press (Dumbbell),,,1,normal,35,15,,,
Hips Don’t Lie - Shakira,"30 Aug 2024, 22:26","30 Aug 2024, 23:54",,Shoulder Press (Dumbbell),,,2,normal,40,15,,,
Hips Don’t Lie - Shakira,"30 Aug 2024, 22:26","30 Aug 2024, 23:54",,Shoulder Press (Dumbbell),,,3,normal,50,9,,,
Hips Don’t Lie - Shakira,"30 Aug 2024, 22:26","30 Aug 2024, 23:54",,Shoulder Press (Dumbbell),,,4,normal,45,10,,,
Hips Don’t Lie - Shakira,"30 Aug 2024, 22:26","30 Aug 2024, 23:54",,Upright Row (Barbell),,,0,normal,40,15,,,
Hips Don’t Lie - Shakira,"30 Aug 2024, 22:26","30 Aug 2024, 23:54",,Upright Row (Barbell),,,1,normal,60,15,,,
Hips Don’t Lie - Shakira,"30 Aug 2024, 22:26","30 Aug 2024, 23:54",,Upright Row (Barbell),,,2,normal,60,15,,,
Hips Don’t Lie - Shakira,"30 Aug 2024, 22:26","30 Aug 2024, 23:54",,Upright Row (Barbell),,,3,normal,60,12,,,
Hips Don’t Lie - Shakira,"30 Aug 2024, 22:26","30 Aug 2024, 23:54",,Front Raise (Cable),,,0,normal,20,15,,,
Hips Don’t Lie - Shakira,"30 Aug 2024, 22:26","30 Aug 2024, 23:54",,Front Raise (Cable),,,1,normal,25,8,,,
Hips Don’t Lie - Shakira,"30 Aug 2024, 22:26","30 Aug 2024, 23:54",,Front Raise (Cable),,,2,normal,20,13,,,
Hips Don’t Lie - Shakira,"30 Aug 2024, 22:26","30 Aug 2024, 23:54",,Front Raise (Cable),,,3,normal,20,12,,,
I'm Still Standing - Elton John,"28 Aug 2024, 22:04","28 Aug 2024, 23:09",,Squat (Smith Machine),,,0,warmup,95,15,,,
I'm Still Standing - Elton John,"28 Aug 2024, 22:04","28 Aug 2024, 23:09",,Squat (Smith Machine),,,1,normal,125,15,,,
I'm Still Standing - Elton John,"28 Aug 2024, 22:04","28 Aug 2024, 23:09",,Squat (Smith Machine),,,2,normal,145,15,,,
I'm Still Standing - Elton John,"28 Aug 2024, 22:04","28 Aug 2024, 23:09",,Squat (Smith Machine),,,3,normal,165,15,,,
I'm Still Standing - Elton John,"28 Aug 2024, 22:04","28 Aug 2024, 23:09",,Squat (Smith Machine),,,4,normal,175,8,,,
I'm Still Standing - Elton John,"28 Aug 2024, 22:04","28 Aug 2024, 23:09",,Squat (Smith Machine),,,5,normal,155,12,,,
I'm Still Standing - Elton John,"28 Aug 2024, 22:04","28 Aug 2024, 23:09",,Standing Calf Raise (Smith),,,0,normal,45,15,,,
I'm Still Standing - Elton John,"28 Aug 2024, 22:04","28 Aug 2024, 23:09",,Standing Calf Raise (Smith),,,1,normal,55,15,,,
I'm Still Standing - Elton John,"28 Aug 2024, 22:04","28 Aug 2024, 23:09",,Standing Calf Raise (Smith),,,2,normal,65,14,,,
I'm Still Standing - Elton John,"28 Aug 2024, 22:04","28 Aug 2024, 23:09",,Standing Calf Raise (Smith),,,3,normal,65,13,,,
I'm Still Standing - Elton John,"28 Aug 2024, 22:04","28 Aug 2024, 23:09",,Seated Leg Curl (Machine),,,0,normal,70,15,,,
I'm Still Standing - Elton John,"28 Aug 2024, 22:04","28 Aug 2024, 23:09",,Seated Leg Curl (Machine),,,1,normal,90,15,,,
I'm Still Standing - Elton John,"28 Aug 2024, 22:04","28 Aug 2024, 23:09",,Seated Leg Curl (Machine),,,2,normal,110,15,,,
I'm Still Standing - Elton John,"28 Aug 2024, 22:04","28 Aug 2024, 23:09",,Seated Leg Curl (Machine),,,3,normal,122.5,7,,,
Back in Black - AC/DC,"27 Aug 2024, 21:32","27 Aug 2024, 22:52",,Pull Up (Assisted),,,0,warmup,75,10,,,
Back in Black - AC/DC,"27 Aug 2024, 21:32","27 Aug 2024, 22:52",,Pull Up (Assisted),,,1,normal,60,15,,,
Back in Black - AC/DC,"27 Aug 2024, 21:32","27 Aug 2024, 22:52",,Pull Up (Assisted),,,2,normal,50,15,,,
Back in Black - AC/DC,"27 Aug 2024, 21:32","27 Aug 2024, 22:52",,Pull Up (Assisted),,,3,normal,35,11,,,
Back in Black - AC/DC,"27 Aug 2024, 21:32","27 Aug 2024, 22:52",,Pull Up (Assisted),,,4,normal,45,12,,,
Back in Black - AC/DC,"27 Aug 2024, 21:32","27 Aug 2024, 22:52",,Pull Up (Assisted),,,5,normal,50,9,,,
Back in Black - AC/DC,"27 Aug 2024, 21:32","27 Aug 2024, 22:52",,Seated Row (Machine),,,0,normal,45,15,,,
Back in Black - AC/DC,"27 Aug 2024, 21:32","27 Aug 2024, 22:52",,Seated Row (Machine),,,1,normal,45,15,,,
Back in Black - AC/DC,"27 Aug 2024, 21:32","27 Aug 2024, 22:52",,Seated Row (Machine),,,2,normal,50,12,,,
Back in Black - AC/DC,"27 Aug 2024, 21:32","27 Aug 2024, 22:52",,Seated Row (Machine),,,3,normal,45,13,,,
Back in Black - AC/DC,"27 Aug 2024, 21:32","27 Aug 2024, 22:52",,Seated Cable Row - V Grip (Cable),,,0,normal,100,15,,,
Back in Black - AC/DC,"27 Aug 2024, 21:32","27 Aug 2024, 22:52",,Seated Cable Row - V Grip (Cable),,,1,normal,115,14,,,
Back in Black - AC/DC,"27 Aug 2024, 21:32","27 Aug 2024, 22:52",,Seated Cable Row - V Grip (Cable),,,2,normal,120,11,,,
Back in Black - AC/DC,"27 Aug 2024, 21:32","27 Aug 2024, 22:52",,Seated Cable Row - V Grip (Cable),,,3,normal,105,13,,,
Back in Black - AC/DC,"27 Aug 2024, 21:32","27 Aug 2024, 22:52",,Shrug (Dumbbell),,,0,normal,40,15,,,
Back in Black - AC/DC,"27 Aug 2024, 21:32","27 Aug 2024, 22:52",,Shrug (Dumbbell),,,1,normal,45,13,,,
Back in Black - AC/DC,"27 Aug 2024, 21:32","27 Aug 2024, 22:52",,Shrug (Dumbbell),,,2,normal,50,12,,,
Back in Black - AC/DC,"27 Aug 2024, 21:32","27 Aug 2024, 22:52",,Shrug (Dumbbell),,,3,normal,45,12,,,
Back in Black - AC/DC,"27 Aug 2024, 21:32","27 Aug 2024, 22:52",,Hammer Curl (Cable),,,0,normal,60,15,,,
Back in Black - AC/DC,"27 Aug 2024, 21:32","27 Aug 2024, 22:52",,Hammer Curl (Cable),,,1,normal,70,15,,,
Back in Black - AC/DC,"27 Aug 2024, 21:32","27 Aug 2024, 22:52",,Hammer Curl (Cable),,,2,normal,80,12,,,
Shoulder Boulders - S3rl,"26 Aug 2024, 21:57","26 Aug 2024, 23:00",,Bench Press (Smith Machine),,,0,warmup,75,15,,,
Shoulder Boulders - S3rl,"26 Aug 2024, 21:57","26 Aug 2024, 23:00",,Bench Press (Smith Machine),,,1,normal,95,15,,,
Shoulder Boulders - S3rl,"26 Aug 2024, 21:57","26 Aug 2024, 23:00",,Bench Press (Smith Machine),,,2,normal,115,15,,,
Shoulder Boulders - S3rl,"26 Aug 2024, 21:57","26 Aug 2024, 23:00",,Bench Press (Smith Machine),,,3,normal,130,15,,,
Shoulder Boulders - S3rl,"26 Aug 2024, 21:57","26 Aug 2024, 23:00",,Bench Press (Smith Machine),,,4,normal,125,9,,,
Shoulder Boulders - S3rl,"26 Aug 2024, 21:57","26 Aug 2024, 23:00",,Bench Press (Smith Machine),,,5,normal,115,13,,,
Shoulder Boulders - S3rl,"26 Aug 2024, 21:57","26 Aug 2024, 23:00",,Incline Bench Press (Dumbbell),,,0,normal,25,12,,,
Shoulder Boulders - S3rl,"26 Aug 2024, 21:57","26 Aug 2024, 23:00",,Incline Bench Press (Dumbbell),,,1,normal,25,15,,,
Shoulder Boulders - S3rl,"26 Aug 2024, 21:57","26 Aug 2024, 23:00",,Incline Bench Press (Dumbbell),,,2,normal,30,14,,,
Shoulder Boulders - S3rl,"26 Aug 2024, 21:57","26 Aug 2024, 23:00",,Incline Bench Press (Dumbbell),,,3,normal,35,13,,,
Shoulder Boulders - S3rl,"26 Aug 2024, 21:57","26 Aug 2024, 23:00",,Pullover (Dumbbell),,,0,normal,25,15,,,
Shoulder Boulders - S3rl,"26 Aug 2024, 21:57","26 Aug 2024, 23:00",,Pullover (Dumbbell),,,1,normal,35,15,,,
Shoulder Boulders - S3rl,"26 Aug 2024, 21:57","26 Aug 2024, 23:00",,Pullover (Dumbbell),,,2,normal,40,13,,,
Shoulder Boulders - S3rl,"26 Aug 2024, 21:57","26 Aug 2024, 23:00",,Pullover (Dumbbell),,,3,normal,45,13,,,
Shoulder Boulders - S3rl,"26 Aug 2024, 21:57","26 Aug 2024, 23:00",,Chest Dip (Assisted),,,0,normal,30,14,,,
Shoulder Boulders - S3rl,"26 Aug 2024, 21:57","26 Aug 2024, 23:00",,Chest Dip (Assisted),,,1,normal,45,12,,,
Shoulder Boulders - S3rl,"26 Aug 2024, 21:57","26 Aug 2024, 23:00",,Chest Dip (Assisted),,,2,normal,60,11,,,
Shoulder Boulders - S3rl,"26 Aug 2024, 21:57","26 Aug 2024, 23:00",,Chest Dip (Assisted),,,3,normal,60,14,,,
Shoulder Boulders - S3rl,"26 Aug 2024, 21:57","26 Aug 2024, 23:00",,Triceps Pushdown,,,0,normal,40,15,,,
Shoulder Boulders - S3rl,"26 Aug 2024, 21:57","26 Aug 2024, 23:00",,Triceps Pushdown,,,1,normal,55,15,,,
Shoulder Boulders - S3rl,"26 Aug 2024, 21:57","26 Aug 2024, 23:00",,Triceps Pushdown,,,2,normal,55,12,,,
Legs,"22 Aug 2024, 21:41","22 Aug 2024, 23:13",,Deadlift (Smith Machine),,,0,warmup,125,10,,,
Legs,"22 Aug 2024, 21:41","22 Aug 2024, 23:13",,Deadlift (Smith Machine),,,1,normal,180,10,,,
Legs,"22 Aug 2024, 21:41","22 Aug 2024, 23:13",,Deadlift (Smith Machine),,,2,normal,215,8,,,
Legs,"22 Aug 2024, 21:41","22 Aug 2024, 23:13",,Deadlift (Smith Machine),,,3,normal,245,8,,,
Legs,"22 Aug 2024, 21:41","22 Aug 2024, 23:13",,Deadlift (Smith Machine),,,4,normal,295,2,,,
Legs,"22 Aug 2024, 21:41","22 Aug 2024, 23:13",,Leg Press (Machine),,,0,normal,270,10,,,
Legs,"22 Aug 2024, 21:41","22 Aug 2024, 23:13",,Leg Press (Machine),,,1,normal,350,8,,,
Legs,"22 Aug 2024, 21:41","22 Aug 2024, 23:13",,Leg Press (Machine),,,2,normal,410,8,,,
Legs,"22 Aug 2024, 21:41","22 Aug 2024, 23:13",,Leg Press (Machine),,,3,normal,470,6,,,
Legs,"22 Aug 2024, 21:41","22 Aug 2024, 23:13",,Hip Thrust (Barbell),,,0,normal,135,10,,,
Legs,"22 Aug 2024, 21:41","22 Aug 2024, 23:13",,Hip Thrust (Barbell),,,1,normal,165,8,,,
Legs,"22 Aug 2024, 21:41","22 Aug 2024, 23:13",,Hip Thrust (Barbell),,,2,normal,185,8,,,
Legs,"22 Aug 2024, 21:41","22 Aug 2024, 23:13",,Hip Thrust (Barbell),,,3,normal,215,6,,,
Legs,"22 Aug 2024, 21:41","22 Aug 2024, 23:13",,Reverse Lunge (Dumbbell),0,,0,normal,25,10,,,
Legs,"22 Aug 2024, 21:41","22 Aug 2024, 23:13",,Reverse Lunge (Dumbbell),0,,1,normal,30,8,,,
Legs,"22 Aug 2024, 21:41","22 Aug 2024, 23:13",,Reverse Lunge (Dumbbell),0,,2,normal,30,8,,,
Legs,"22 Aug 2024, 21:41","22 Aug 2024, 23:13",,Goblet Squat,0,,0,normal,55,10,,,
Legs,"22 Aug 2024, 21:41","22 Aug 2024, 23:13",,Goblet Squat,0,,1,normal,60,8,,,
Legs,"22 Aug 2024, 21:41","22 Aug 2024, 23:13",,Goblet Squat,0,,2,normal,65,8,,,
Legs,"22 Aug 2024, 21:41","22 Aug 2024, 23:13",,Calf Extension (Machine),,,0,normal,40,10,,,
Legs,"22 Aug 2024, 21:41","22 Aug 2024, 23:13",,Calf Extension (Machine),,,1,normal,47.5,8,,,
Legs,"22 Aug 2024, 21:41","22 Aug 2024, 23:13",,Calf Extension (Machine),,,2,normal,47.5,8,,,
"Chest, Shoulders, & Tri’s","21 Aug 2024, 21:53","21 Aug 2024, 23:08",,Incline Bench Press (Barbell),,,0,warmup,85,10,,,
"Chest, Shoulders, & Tri’s","21 Aug 2024, 21:53","21 Aug 2024, 23:08",,Incline Bench Press (Barbell),,,1,normal,115,10,,,
"Chest, Shoulders, & Tri’s","21 Aug 2024, 21:53","21 Aug 2024, 23:08",,Incline Bench Press (Barbell),,,2,normal,150,8,,,
"Chest, Shoulders, & Tri’s","21 Aug 2024, 21:53","21 Aug 2024, 23:08",,Incline Bench Press (Barbell),,,3,normal,155,8,,,
"Chest, Shoulders, & Tri’s","21 Aug 2024, 21:53","21 Aug 2024, 23:08",,Incline Bench Press (Barbell),,,4,normal,160,4,,,
"Chest, Shoulders, & Tri’s","21 Aug 2024, 21:53","21 Aug 2024, 23:08",,Chest Fly (Machine),,,0,normal,105,10,,,
"Chest, Shoulders, & Tri’s","21 Aug 2024, 21:53","21 Aug 2024, 23:08",,Chest Fly (Machine),,,1,normal,165,18,,,
"Chest, Shoulders, & Tri’s","21 Aug 2024, 21:53","21 Aug 2024, 23:08",,Chest Fly (Machine),,,2,normal,187.5,6,,,
"Chest, Shoulders, & Tri’s","21 Aug 2024, 21:53","21 Aug 2024, 23:08",,Chest Fly (Machine),,,3,normal,180,6,,,
"Chest, Shoulders, & Tri’s","21 Aug 2024, 21:53","21 Aug 2024, 23:08",,Front Raise (Dumbbell),0,,0,normal,20,10,,,
"Chest, Shoulders, & Tri’s","21 Aug 2024, 21:53","21 Aug 2024, 23:08",,Front Raise (Dumbbell),0,,1,normal,25,8,,,
"Chest, Shoulders, & Tri’s","21 Aug 2024, 21:53","21 Aug 2024, 23:08",,Front Raise (Dumbbell),0,,2,normal,25,8,,,
"Chest, Shoulders, & Tri’s","21 Aug 2024, 21:53","21 Aug 2024, 23:08",,Lateral Raise (Cable),0,,0,normal,10,10,,,
"Chest, Shoulders, & Tri’s","21 Aug 2024, 21:53","21 Aug 2024, 23:08",,Lateral Raise (Cable),0,,1,normal,10,8,,,
"Chest, Shoulders, & Tri’s","21 Aug 2024, 21:53","21 Aug 2024, 23:08",,Lateral Raise (Cable),0,,2,normal,10,8,,,
"Chest, Shoulders, & Tri’s","21 Aug 2024, 21:53","21 Aug 2024, 23:08",,Bench Press (Dumbbell),,,0,normal,50,10,,,
"Chest, Shoulders, & Tri’s","21 Aug 2024, 21:53","21 Aug 2024, 23:08",,Bench Press (Dumbbell),,,1,normal,60,7,,,
"Chest, Shoulders, & Tri’s","21 Aug 2024, 21:53","21 Aug 2024, 23:08",,Bench Press (Dumbbell),,,2,normal,60,6,,,
"Chest, Shoulders, & Tri’s","21 Aug 2024, 21:53","21 Aug 2024, 23:08",,Bench Press (Dumbbell),,,3,normal,50,6,,,
"Chest, Shoulders, & Tri’s","21 Aug 2024, 21:53","21 Aug 2024, 23:08",,Skullcrusher (Barbell),,,0,normal,60,10,,,
"Chest, Shoulders, & Tri’s","21 Aug 2024, 21:53","21 Aug 2024, 23:08",,Skullcrusher (Barbell),,,1,normal,60,8,,,
"Chest, Shoulders, & Tri’s","21 Aug 2024, 21:53","21 Aug 2024, 23:08",,Skullcrusher (Barbell),,,2,normal,60,8,,,
"Chest, Shoulders, & Tri’s","21 Aug 2024, 21:53","21 Aug 2024, 23:08",,Triceps Rope Pushdown,,,0,normal,45,10,,,
"Chest, Shoulders, & Tri’s","21 Aug 2024, 21:53","21 Aug 2024, 23:08",,Triceps Rope Pushdown,,,1,normal,60,8,,,
"Chest, Shoulders, & Tri’s","21 Aug 2024, 21:53","21 Aug 2024, 23:08",,Triceps Rope Pushdown,,,2,normal,55,8,,,
Back & Bi’s,"18 Aug 2024, 21:25","18 Aug 2024, 22:47",,Chest Supported Incline Row (Dumbbell),,,0,warmup,30,10,,,
Back & Bi’s,"18 Aug 2024, 21:25","18 Aug 2024, 22:47",,Chest Supported Incline Row (Dumbbell),,,1,normal,45,10,,,
Back & Bi’s,"18 Aug 2024, 21:25","18 Aug 2024, 22:47",,Chest Supported Incline Row (Dumbbell),,,2,normal,50,8,,,
Back & Bi’s,"18 Aug 2024, 21:25","18 Aug 2024, 22:47",,Chest Supported Incline Row (Dumbbell),,,3,normal,55,8,,,
Back & Bi’s,"18 Aug 2024, 21:25","18 Aug 2024, 22:47",,Chest Supported Incline Row (Dumbbell),,,4,normal,60,6,,,
Back & Bi’s,"18 Aug 2024, 21:25","18 Aug 2024, 22:47",,Seated Cable Row - V Grip (Cable),,,0,normal,120,10,,,
Back & Bi’s,"18 Aug 2024, 21:25","18 Aug 2024, 22:47",,Seated Cable Row - V Grip (Cable),,,1,normal,160,8,,,
Back & Bi’s,"18 Aug 2024, 21:25","18 Aug 2024, 22:47",,Seated Cable Row - V Grip (Cable),,,2,normal,165,7,,,
Back & Bi’s,"18 Aug 2024, 21:25","18 Aug 2024, 22:47",,Seated Cable Row - V Grip (Cable),,,3,normal,170,6,,,
Back & Bi’s,"18 Aug 2024, 21:25","18 Aug 2024, 22:47",,Reverse Grip Lat Pulldown (Cable),,,0,normal,135,10,,,
Back & Bi’s,"18 Aug 2024, 21:25","18 Aug 2024, 22:47",,Reverse Grip Lat Pulldown (Cable),,,1,normal,165,8,,,
Back & Bi’s,"18 Aug 2024, 21:25","18 Aug 2024, 22:47",,Reverse Grip Lat Pulldown (Cable),,,2,normal,180,8,,,
Back & Bi’s,"18 Aug 2024, 21:25","18 Aug 2024, 22:47",,Reverse Grip Lat Pulldown (Cable),,,3,normal,190,4,,,
Back & Bi’s,"18 Aug 2024, 21:25","18 Aug 2024, 22:47",,Chest Supported Reverse Fly (Dumbbell),,,0,normal,15,10,,,
Back & Bi’s,"18 Aug 2024, 21:25","18 Aug 2024, 22:47",,Chest Supported Reverse Fly (Dumbbell),,,1,normal,20,8,,,
Back & Bi’s,"18 Aug 2024, 21:25","18 Aug 2024, 22:47",,Chest Supported Reverse Fly (Dumbbell),,,2,normal,20,8,,,
Back & Bi’s,"18 Aug 2024, 21:25","18 Aug 2024, 22:47",,Reverse Curl (Barbell),0,,0,normal,60,10,,,
Back & Bi’s,"18 Aug 2024, 21:25","18 Aug 2024, 22:47",,Reverse Curl (Barbell),0,,1,normal,60,8,,,
Back & Bi’s,"18 Aug 2024, 21:25","18 Aug 2024, 22:47",,Reverse Curl (Barbell),0,,2,normal,60,8,,,
Back & Bi’s,"18 Aug 2024, 21:25","18 Aug 2024, 22:47",,Seated Incline Curl (Dumbbell),0,,0,normal,25,10,,,
Back & Bi’s,"18 Aug 2024, 21:25","18 Aug 2024, 22:47",,Seated Incline Curl (Dumbbell),0,,1,normal,25,8,,,
Back & Bi’s,"18 Aug 2024, 21:25","18 Aug 2024, 22:47",,Seated Incline Curl (Dumbbell),0,,2,normal,25,8,,,
Back & Bi’s,"18 Aug 2024, 21:25","18 Aug 2024, 22:47",,Seated Wrist Extension (Barbell),,,0,normal,30,20,,,
Back & Bi’s,"18 Aug 2024, 21:25","18 Aug 2024, 22:47",,Seated Wrist Extension (Barbell),,,1,normal,40,20,,,
Back & Bi’s,"18 Aug 2024, 21:25","18 Aug 2024, 22:47",,Seated Wrist Extension (Barbell),,,2,normal,40,20,,,
"Chest, Shoulders, & Tri’s","17 Aug 2024, 20:29","17 Aug 2024, 21:48",,Incline Bench Press (Barbell),,,0,warmup,75,10,,,
"Chest, Shoulders, & Tri’s","17 Aug 2024, 20:29","17 Aug 2024, 21:48",,Incline Bench Press (Barbell),,,1,normal,105,10,,,
"Chest, Shoulders, & Tri’s","17 Aug 2024, 20:29","17 Aug 2024, 21:48",,Incline Bench Press (Barbell),,,2,normal,135,8,,,
"Chest, Shoulders, & Tri’s","17 Aug 2024, 20:29","17 Aug 2024, 21:48",,Incline Bench Press (Barbell),,,3,normal,145,8,,,
"Chest, Shoulders, & Tri’s","17 Aug 2024, 20:29","17 Aug 2024, 21:48",,Incline Bench Press (Barbell),,,4,normal,160,3,,,
"Chest, Shoulders, & Tri’s","17 Aug 2024, 20:29","17 Aug 2024, 21:48",,Chest Fly (Machine),,,0,normal,90,10,,,
"Chest, Shoulders, & Tri’s","17 Aug 2024, 20:29","17 Aug 2024, 21:48",,Chest Fly (Machine),,,1,normal,147.5,8,,,
"Chest, Shoulders, & Tri’s","17 Aug 2024, 20:29","17 Aug 2024, 21:48",,Chest Fly (Machine),,,2,normal,185,8,,,
"Chest, Shoulders, & Tri’s","17 Aug 2024, 20:29","17 Aug 2024, 21:48",,Chest Fly (Machine),,,3,normal,165,6,,,
"Chest, Shoulders, & Tri’s","17 Aug 2024, 20:29","17 Aug 2024, 21:48",,Front Raise (Dumbbell),0,,0,normal,20,10,,,
"Chest, Shoulders, & Tri’s","17 Aug 2024, 20:29","17 Aug 2024, 21:48",,Front Raise (Dumbbell),0,,1,normal,20,8,,,
"Chest, Shoulders, & Tri’s","17 Aug 2024, 20:29","17 Aug 2024, 21:48",,Front Raise (Dumbbell),0,,2,normal,20,8,,,
"Chest, Shoulders, & Tri’s","17 Aug 2024, 20:29","17 Aug 2024, 21:48",,Lateral Raise (Cable),0,,0,normal,10,10,,,
"Chest, Shoulders, & Tri’s","17 Aug 2024, 20:29","17 Aug 2024, 21:48",,Lateral Raise (Cable),0,,1,normal,10,8,,,
"Chest, Shoulders, & Tri’s","17 Aug 2024, 20:29","17 Aug 2024, 21:48",,Lateral Raise (Cable),0,,2,normal,10,8,,,
"Chest, Shoulders, & Tri’s","17 Aug 2024, 20:29","17 Aug 2024, 21:48",,Bench Press (Dumbbell),,,0,normal,45,10,,,
"Chest, Shoulders, & Tri’s","17 Aug 2024, 20:29","17 Aug 2024, 21:48",,Bench Press (Dumbbell),,,1,normal,65,8,,,
"Chest, Shoulders, & Tri’s","17 Aug 2024, 20:29","17 Aug 2024, 21:48",,Bench Press (Dumbbell),,,2,normal,65,7,,,
"Chest, Shoulders, & Tri’s","17 Aug 2024, 20:29","17 Aug 2024, 21:48",,Bench Press (Dumbbell),,,3,normal,70,2,,,
"Chest, Shoulders, & Tri’s","17 Aug 2024, 20:29","17 Aug 2024, 21:48",,Skullcrusher (Barbell),,,0,normal,60,10,,,
"Chest, Shoulders, & Tri’s","17 Aug 2024, 20:29","17 Aug 2024, 21:48",,Skullcrusher (Barbell),,,1,normal,60,8,,,
"Chest, Shoulders, & Tri’s","17 Aug 2024, 20:29","17 Aug 2024, 21:48",,Skullcrusher (Barbell),,,2,normal,60,8,,,
"Chest, Shoulders, & Tri’s","17 Aug 2024, 20:29","17 Aug 2024, 21:48",,Triceps Rope Pushdown,,,0,normal,42.5,10,,,
"Chest, Shoulders, & Tri’s","17 Aug 2024, 20:29","17 Aug 2024, 21:48",,Triceps Rope Pushdown,,,1,normal,55,8,,,
"Chest, Shoulders, & Tri’s","17 Aug 2024, 20:29","17 Aug 2024, 21:48",,Triceps Rope Pushdown,,,2,normal,62.5,8,,,
Legs,"16 Aug 2024, 21:28","16 Aug 2024, 23:10",,Deadlift (Smith Machine),,,0,warmup,115,10,,,
Legs,"16 Aug 2024, 21:28","16 Aug 2024, 23:10",,Deadlift (Smith Machine),,,1,normal,165,10,,,
Legs,"16 Aug 2024, 21:28","16 Aug 2024, 23:10",,Deadlift (Smith Machine),,,2,normal,205,8,,,
Legs,"16 Aug 2024, 21:28","16 Aug 2024, 23:10",,Deadlift (Smith Machine),,,3,normal,235,8,,,
Legs,"16 Aug 2024, 21:28","16 Aug 2024, 23:10",,Deadlift (Smith Machine),,,4,normal,275,6,,,
Legs,"16 Aug 2024, 21:28","16 Aug 2024, 23:10",,Leg Press (Machine),,,0,normal,250,10,,,
Legs,"16 Aug 2024, 21:28","16 Aug 2024, 23:10",,Leg Press (Machine),,,1,normal,330,8,,,
Legs,"16 Aug 2024, 21:28","16 Aug 2024, 23:10",,Leg Press (Machine),,,2,normal,390,8,,,
Legs,"16 Aug 2024, 21:28","16 Aug 2024, 23:10",,Leg Press (Machine),,,3,normal,450,6,,,
Legs,"16 Aug 2024, 21:28","16 Aug 2024, 23:10",,Hip Thrust (Barbell),,,0,normal,115,10,,,
Legs,"16 Aug 2024, 21:28","16 Aug 2024, 23:10",,Hip Thrust (Barbell),,,1,normal,145,8,,,
Legs,"16 Aug 2024, 21:28","16 Aug 2024, 23:10",,Hip Thrust (Barbell),,,2,normal,170,8,,,
Legs,"16 Aug 2024, 21:28","16 Aug 2024, 23:10",,Hip Thrust (Barbell),,,3,normal,205,6,,,
Legs,"16 Aug 2024, 21:28","16 Aug 2024, 23:10",,Reverse Lunge (Dumbbell),0,,0,normal,25,10,,,
Legs,"16 Aug 2024, 21:28","16 Aug 2024, 23:10",,Reverse Lunge (Dumbbell),0,,1,normal,30,8,,,
Legs,"16 Aug 2024, 21:28","16 Aug 2024, 23:10",,Reverse Lunge (Dumbbell),0,,2,normal,30,8,,,
Legs,"16 Aug 2024, 21:28","16 Aug 2024, 23:10",,Goblet Squat,0,,0,normal,50,10,,,
Legs,"16 Aug 2024, 21:28","16 Aug 2024, 23:10",,Goblet Squat,0,,1,normal,55,8,,,
Legs,"16 Aug 2024, 21:28","16 Aug 2024, 23:10",,Goblet Squat,0,,2,normal,60,8,,,
Legs,"16 Aug 2024, 21:28","16 Aug 2024, 23:10",,Single Leg Standing Calf Raise (Dumbbell),,,0,normal,25,10,,,
Legs,"16 Aug 2024, 21:28","16 Aug 2024, 23:10",,Single Leg Standing Calf Raise (Dumbbell),,,1,normal,35,8,,,
Legs,"16 Aug 2024, 21:28","16 Aug 2024, 23:10",,Single Leg Standing Calf Raise (Dumbbell),,,2,normal,50,8,,,
"Chest, Shoulders, & Tri’s","14 Aug 2024, 22:07","14 Aug 2024, 23:25",,Incline Bench Press (Barbell),,,0,normal,95,10,,,
"Chest, Shoulders, & Tri’s","14 Aug 2024, 22:07","14 Aug 2024, 23:25",,Incline Bench Press (Barbell),,,1,normal,135,7,,,
"Chest, Shoulders, & Tri’s","14 Aug 2024, 22:07","14 Aug 2024, 23:25",,Incline Bench Press (Barbell),,,2,normal,120,8,,,
"Chest, Shoulders, & Tri’s","14 Aug 2024, 22:07","14 Aug 2024, 23:25",,Incline Bench Press (Barbell),,,3,normal,125,6,,,
"Chest, Shoulders, & Tri’s","14 Aug 2024, 22:07","14 Aug 2024, 23:25",,Chest Fly (Machine),,,0,normal,100,10,,,
"Chest, Shoulders, & Tri’s","14 Aug 2024, 22:07","14 Aug 2024, 23:25",,Chest Fly (Machine),,,1,normal,140,8,,,
"Chest, Shoulders, & Tri’s","14 Aug 2024, 22:07","14 Aug 2024, 23:25",,Chest Fly (Machine),,,2,normal,180,8,,,
"Chest, Shoulders, & Tri’s","14 Aug 2024, 22:07","14 Aug 2024, 23:25",,Chest Fly (Machine),,,3,normal,187.5,6,,,
"Chest, Shoulders, & Tri’s","14 Aug 2024, 22:07","14 Aug 2024, 23:25",,Bench Press (Dumbbell),,,0,normal,40,10,,,
"Chest, Shoulders, & Tri’s","14 Aug 2024, 22:07","14 Aug 2024, 23:25",,Bench Press (Dumbbell),,,1,normal,60,8,,,
"Chest, Shoulders, & Tri’s","14 Aug 2024, 22:07","14 Aug 2024, 23:25",,Bench Press (Dumbbell),,,2,normal,70,8,,,
"Chest, Shoulders, & Tri’s","14 Aug 2024, 22:07","14 Aug 2024, 23:25",,Bench Press (Dumbbell),,,3,normal,75,5,,,
"Chest, Shoulders, & Tri’s","14 Aug 2024, 22:07","14 Aug 2024, 23:25",,Skullcrusher (Barbell),,,0,normal,50,10,,,
"Chest, Shoulders, & Tri’s","14 Aug 2024, 22:07","14 Aug 2024, 23:25",,Skullcrusher (Barbell),,,1,normal,60,8,,,
"Chest, Shoulders, & Tri’s","14 Aug 2024, 22:07","14 Aug 2024, 23:25",,Skullcrusher (Barbell),,,2,normal,60,8,,,
"Chest, Shoulders, & Tri’s","14 Aug 2024, 22:07","14 Aug 2024, 23:25",,Triceps Rope Pushdown,,,0,normal,45,10,,,
"Chest, Shoulders, & Tri’s","14 Aug 2024, 22:07","14 Aug 2024, 23:25",,Triceps Rope Pushdown,,,1,normal,50,8,,,
"Chest, Shoulders, & Tri’s","14 Aug 2024, 22:07","14 Aug 2024, 23:25",,Triceps Rope Pushdown,,,2,normal,50,8,,,
Back & Bi’s,"13 Aug 2024, 21:54","13 Aug 2024, 23:04",,Chest Supported Incline Row (Dumbbell),,,0,warmup,35,10,,,
Back & Bi’s,"13 Aug 2024, 21:54","13 Aug 2024, 23:04",,Chest Supported Incline Row (Dumbbell),,,1,normal,40,10,,,
Back & Bi’s,"13 Aug 2024, 21:54","13 Aug 2024, 23:04",,Chest Supported Incline Row (Dumbbell),,,2,normal,45,8,,,
Back & Bi’s,"13 Aug 2024, 21:54","13 Aug 2024, 23:04",,Chest Supported Incline Row (Dumbbell),,,3,normal,50,8,,,
Back & Bi’s,"13 Aug 2024, 21:54","13 Aug 2024, 23:04",,Chest Supported Incline Row (Dumbbell),,,4,normal,55,6,,,
Back & Bi’s,"13 Aug 2024, 21:54","13 Aug 2024, 23:04",,Seated Cable Row - V Grip (Cable),,,0,normal,115,10,,,
Back & Bi’s,"13 Aug 2024, 21:54","13 Aug 2024, 23:04",,Seated Cable Row - V Grip (Cable),,,1,normal,145,8,,,
Back & Bi’s,"13 Aug 2024, 21:54","13 Aug 2024, 23:04",,Seated Cable Row - V Grip (Cable),,,2,normal,160,8,,,
Back & Bi’s,"13 Aug 2024, 21:54","13 Aug 2024, 23:04",,Seated Cable Row - V Grip (Cable),,,3,normal,170,4,,,
Back & Bi’s,"13 Aug 2024, 21:54","13 Aug 2024, 23:04",,Reverse Grip Lat Pulldown (Cable),,,0,normal,130,10,,,
Back & Bi’s,"13 Aug 2024, 21:54","13 Aug 2024, 23:04",,Reverse Grip Lat Pulldown (Cable),,,1,normal,145,8,,,
Back & Bi’s,"13 Aug 2024, 21:54","13 Aug 2024, 23:04",,Reverse Grip Lat Pulldown (Cable),,,2,normal,175,8,,,
Back & Bi’s,"13 Aug 2024, 21:54","13 Aug 2024, 23:04",,Reverse Grip Lat Pulldown (Cable),,,3,normal,180,5,,,
Back & Bi’s,"13 Aug 2024, 21:54","13 Aug 2024, 23:04",,Chest Supported Reverse Fly (Dumbbell),,,0,normal,15,10,,,
Back & Bi’s,"13 Aug 2024, 21:54","13 Aug 2024, 23:04",,Chest Supported Reverse Fly (Dumbbell),,,1,normal,20,8,,,
Back & Bi’s,"13 Aug 2024, 21:54","13 Aug 2024, 23:04",,Chest Supported Reverse Fly (Dumbbell),,,2,normal,15,8,,,
Back & Bi’s,"13 Aug 2024, 21:54","13 Aug 2024, 23:04",,Reverse Curl (Barbell),0,,0,normal,60,10,,,
Back & Bi’s,"13 Aug 2024, 21:54","13 Aug 2024, 23:04",,Reverse Curl (Barbell),0,,1,normal,60,8,,,
Back & Bi’s,"13 Aug 2024, 21:54","13 Aug 2024, 23:04",,Reverse Curl (Barbell),0,,2,normal,60,8,,,
Back & Bi’s,"13 Aug 2024, 21:54","13 Aug 2024, 23:04",,Seated Incline Curl (Dumbbell),0,,0,normal,25,10,,,
Back & Bi’s,"13 Aug 2024, 21:54","13 Aug 2024, 23:04",,Seated Incline Curl (Dumbbell),0,,1,normal,30,2,,,
Back & Bi’s,"13 Aug 2024, 21:54","13 Aug 2024, 23:04",,Seated Incline Curl (Dumbbell),0,,2,normal,25,8,,,
Legs,"11 Aug 2024, 20:55","11 Aug 2024, 22:33",,Deadlift (Smith Machine),,,0,warmup,95,10,,,
Legs,"11 Aug 2024, 20:55","11 Aug 2024, 22:33",,Deadlift (Smith Machine),,,1,normal,135,10,,,
Legs,"11 Aug 2024, 20:55","11 Aug 2024, 22:33",,Deadlift (Smith Machine),,,2,normal,185,8,,,
Legs,"11 Aug 2024, 20:55","11 Aug 2024, 22:33",,Deadlift (Smith Machine),,,3,normal,205,8,,,
Legs,"11 Aug 2024, 20:55","11 Aug 2024, 22:33",,Deadlift (Smith Machine),,,4,normal,255,6,,,
Legs,"11 Aug 2024, 20:55","11 Aug 2024, 22:33",,Leg Press (Machine),,,0,normal,230,10,,,
Legs,"11 Aug 2024, 20:55","11 Aug 2024, 22:33",,Leg Press (Machine),,,1,normal,270,8,,,
Legs,"11 Aug 2024, 20:55","11 Aug 2024, 22:33",,Leg Press (Machine),,,2,normal,360,8,,,
Legs,"11 Aug 2024, 20:55","11 Aug 2024, 22:33",,Leg Press (Machine),,,3,normal,430,6,,,
Legs,"11 Aug 2024, 20:55","11 Aug 2024, 22:33",,Hip Thrust (Barbell),,,0,normal,95,10,,,
Legs,"11 Aug 2024, 20:55","11 Aug 2024, 22:33",,Hip Thrust (Barbell),,,1,normal,115,8,,,
Legs,"11 Aug 2024, 20:55","11 Aug 2024, 22:33",,Hip Thrust (Barbell),,,2,normal,155,8,,,
Legs,"11 Aug 2024, 20:55","11 Aug 2024, 22:33",,Hip Thrust (Barbell),,,3,normal,185,6,,,
Legs,"11 Aug 2024, 20:55","11 Aug 2024, 22:33",,Reverse Lunge (Dumbbell),0,,0,normal,25,10,,,
Legs,"11 Aug 2024, 20:55","11 Aug 2024, 22:33",,Reverse Lunge (Dumbbell),0,,1,normal,30,8,,,
Legs,"11 Aug 2024, 20:55","11 Aug 2024, 22:33",,Reverse Lunge (Dumbbell),0,,2,normal,30,8,,,
Legs,"11 Aug 2024, 20:55","11 Aug 2024, 22:33",,Goblet Squat,0,,0,normal,45,10,,,
Legs,"11 Aug 2024, 20:55","11 Aug 2024, 22:33",,Goblet Squat,0,,1,normal,50,8,,,
Legs,"11 Aug 2024, 20:55","11 Aug 2024, 22:33",,Goblet Squat,0,,2,normal,55,8,,,
"Chest, Shoulders, & Tri’s","10 Aug 2024, 19:27","10 Aug 2024, 20:53",,Incline Bench Press (Barbell),,,0,warmup,55,10,,,
"Chest, Shoulders, & Tri’s","10 Aug 2024, 19:27","10 Aug 2024, 20:53",,Incline Bench Press (Barbell),,,1,normal,85,10,,,
"Chest, Shoulders, & Tri’s","10 Aug 2024, 19:27","10 Aug 2024, 20:53",,Incline Bench Press (Barbell),,,2,normal,115,8,,,
"Chest, Shoulders, & Tri’s","10 Aug 2024, 19:27","10 Aug 2024, 20:53",,Incline Bench Press (Barbell),,,3,normal,145,8,,,
"Chest, Shoulders, & Tri’s","10 Aug 2024, 19:27","10 Aug 2024, 20:53",,Incline Bench Press (Barbell),,,4,normal,165,1,,,
"Chest, Shoulders, & Tri’s","10 Aug 2024, 19:27","10 Aug 2024, 20:53",,Chest Fly (Machine),,,0,normal,60,10,,,
"Chest, Shoulders, & Tri’s","10 Aug 2024, 19:27","10 Aug 2024, 20:53",,Chest Fly (Machine),,,1,normal,120,8,,,
"Chest, Shoulders, & Tri’s","10 Aug 2024, 19:27","10 Aug 2024, 20:53",,Chest Fly (Machine),,,2,normal,160,8,,,
"Chest, Shoulders, & Tri’s","10 Aug 2024, 19:27","10 Aug 2024, 20:53",,Chest Fly (Machine),,,3,normal,180,6,,,
"Chest, Shoulders, & Tri’s","10 Aug 2024, 19:27","10 Aug 2024, 20:53",,Front Raise (Dumbbell),0,,0,normal,20,10,,,
"Chest, Shoulders, & Tri’s","10 Aug 2024, 19:27","10 Aug 2024, 20:53",,Front Raise (Dumbbell),0,,1,normal,20,8,,,
"Chest, Shoulders, & Tri’s","10 Aug 2024, 19:27","10 Aug 2024, 20:53",,Front Raise (Dumbbell),0,,2,normal,25,6,,,
"Chest, Shoulders, & Tri’s","10 Aug 2024, 19:27","10 Aug 2024, 20:53",,Lateral Raise (Cable),0,,0,normal,10,10,,,
"Chest, Shoulders, & Tri’s","10 Aug 2024, 19:27","10 Aug 2024, 20:53",,Lateral Raise (Cable),0,,1,normal,10,8,,,
"Chest, Shoulders, & Tri’s","10 Aug 2024, 19:27","10 Aug 2024, 20:53",,Lateral Raise (Cable),0,,2,normal,10,6,,,
"Chest, Shoulders, & Tri’s","10 Aug 2024, 19:27","10 Aug 2024, 20:53",,Bench Press (Dumbbell),,,0,normal,35,10,,,
"Chest, Shoulders, & Tri’s","10 Aug 2024, 19:27","10 Aug 2024, 20:53",,Bench Press (Dumbbell),,,1,normal,50,8,,,
"Chest, Shoulders, & Tri’s","10 Aug 2024, 19:27","10 Aug 2024, 20:53",,Bench Press (Dumbbell),,,2,normal,60,8,,,
"Chest, Shoulders, & Tri’s","10 Aug 2024, 19:27","10 Aug 2024, 20:53",,Bench Press (Dumbbell),,,3,normal,65,3,,,
"Chest, Shoulders, & Tri’s","10 Aug 2024, 19:27","10 Aug 2024, 20:53",,Skullcrusher (Barbell),,,0,normal,50,10,,,
"Chest, Shoulders, & Tri’s","10 Aug 2024, 19:27","10 Aug 2024, 20:53",,Skullcrusher (Barbell),,,1,normal,60,8,,,
"Chest, Shoulders, & Tri’s","10 Aug 2024, 19:27","10 Aug 2024, 20:53",,Skullcrusher (Barbell),,,2,normal,60,8,,,
"Chest, Shoulders, & Tri’s","10 Aug 2024, 19:27","10 Aug 2024, 20:53",,Triceps Rope Pushdown,,,0,normal,50,10,,,
"Chest, Shoulders, & Tri’s","10 Aug 2024, 19:27","10 Aug 2024, 20:53",,Triceps Rope Pushdown,,,1,normal,50,8,,,
"Chest, Shoulders, & Tri’s","10 Aug 2024, 19:27","10 Aug 2024, 20:53",,Triceps Rope Pushdown,,,2,normal,55,8,,,
Back & Bi’s,"7 Aug 2024, 21:09","7 Aug 2024, 22:13",,Chest Supported Incline Row (Dumbbell),,,0,normal,35,10,,,
Back & Bi’s,"7 Aug 2024, 21:09","7 Aug 2024, 22:13",,Chest Supported Incline Row (Dumbbell),,,1,normal,40,8,,,
Back & Bi’s,"7 Aug 2024, 21:09","7 Aug 2024, 22:13",,Chest Supported Incline Row (Dumbbell),,,2,normal,45,8,,,
Back & Bi’s,"7 Aug 2024, 21:09","7 Aug 2024, 22:13",,Chest Supported Incline Row (Dumbbell),,,3,normal,45,6,,,
Back & Bi’s,"7 Aug 2024, 21:09","7 Aug 2024, 22:13",,Seated Cable Row - V Grip (Cable),,,0,warmup,85,10,,,
Back & Bi’s,"7 Aug 2024, 21:09","7 Aug 2024, 22:13",,Seated Cable Row - V Grip (Cable),,,1,normal,100,10,,,
Back & Bi’s,"7 Aug 2024, 21:09","7 Aug 2024, 22:13",,Seated Cable Row - V Grip (Cable),,,2,normal,130,8,,,
Back & Bi’s,"7 Aug 2024, 21:09","7 Aug 2024, 22:13",,Seated Cable Row - V Grip (Cable),,,3,normal,145,8,,,
Back & Bi’s,"7 Aug 2024, 21:09","7 Aug 2024, 22:13",,Seated Cable Row - V Grip (Cable),,,4,normal,145,6,,,
Back & Bi’s,"7 Aug 2024, 21:09","7 Aug 2024, 22:13",,Reverse Grip Lat Pulldown (Cable),,,0,normal,115,10,,,
Back & Bi’s,"7 Aug 2024, 21:09","7 Aug 2024, 22:13",,Reverse Grip Lat Pulldown (Cable),,,1,normal,130,8,,,
Back & Bi’s,"7 Aug 2024, 21:09","7 Aug 2024, 22:13",,Reverse Grip Lat Pulldown (Cable),,,2,normal,145,8,,,
Back & Bi’s,"7 Aug 2024, 21:09","7 Aug 2024, 22:13",,Reverse Grip Lat Pulldown (Cable),,,3,normal,175,6,,,
Back & Bi’s,"7 Aug 2024, 21:09","7 Aug 2024, 22:13",,Chest Supported Reverse Fly (Dumbbell),,,0,normal,15,10,,,
Back & Bi’s,"7 Aug 2024, 21:09","7 Aug 2024, 22:13",,Chest Supported Reverse Fly (Dumbbell),,,1,normal,20,8,,,
Back & Bi’s,"7 Aug 2024, 21:09","7 Aug 2024, 22:13",,Chest Supported Reverse Fly (Dumbbell),,,2,normal,15,8,,,
Back & Bi’s,"7 Aug 2024, 21:09","7 Aug 2024, 22:13",,Chest Supported Reverse Fly (Dumbbell),,,3,normal,15,6,,,
Back & Bi’s,"7 Aug 2024, 21:09","7 Aug 2024, 22:13",,Reverse Curl (Barbell),0,,0,normal,50,10,,,
Back & Bi’s,"7 Aug 2024, 21:09","7 Aug 2024, 22:13",,Reverse Curl (Barbell),0,,1,normal,60,10,,,
Back & Bi’s,"7 Aug 2024, 21:09","7 Aug 2024, 22:13",,Reverse Curl (Barbell),0,,2,normal,60,8,,,
Back & Bi’s,"7 Aug 2024, 21:09","7 Aug 2024, 22:13",,Seated Incline Curl (Dumbbell),0,,0,normal,25,10,,,
Back & Bi’s,"7 Aug 2024, 21:09","7 Aug 2024, 22:13",,Seated Incline Curl (Dumbbell),0,,1,normal,25,10,,,
Back & Bi’s,"7 Aug 2024, 21:09","7 Aug 2024, 22:13",,Seated Incline Curl (Dumbbell),0,,2,normal,25,8,,,
Legs,"6 Aug 2024, 21:41","6 Aug 2024, 23:08",,Deadlift (Smith Machine),,,0,normal,75,10,,,
Legs,"6 Aug 2024, 21:41","6 Aug 2024, 23:08",,Deadlift (Smith Machine),,,1,normal,115,10,,,
Legs,"6 Aug 2024, 21:41","6 Aug 2024, 23:08",,Deadlift (Smith Machine),,,2,normal,165,8,,,
Legs,"6 Aug 2024, 21:41","6 Aug 2024, 23:08",,Deadlift (Smith Machine),,,3,normal,205,6,,,
Legs,"6 Aug 2024, 21:41","6 Aug 2024, 23:08",,Hip Thrust (Barbell),,,0,normal,75,10,,,
Legs,"6 Aug 2024, 21:41","6 Aug 2024, 23:08",,Hip Thrust (Barbell),,,1,normal,105,8,,,
Legs,"6 Aug 2024, 21:41","6 Aug 2024, 23:08",,Hip Thrust (Barbell),,,2,normal,135,8,,,
Legs,"6 Aug 2024, 21:41","6 Aug 2024, 23:08",,Hip Thrust (Barbell),,,3,normal,165,6,,,
Legs,"6 Aug 2024, 21:41","6 Aug 2024, 23:08",,Leg Press (Machine),,,0,warmup,90,10,,,
Legs,"6 Aug 2024, 21:41","6 Aug 2024, 23:08",,Leg Press (Machine),,,1,normal,180,10,,,
Legs,"6 Aug 2024, 21:41","6 Aug 2024, 23:08",,Leg Press (Machine),,,2,normal,230,10,,,
Legs,"6 Aug 2024, 21:41","6 Aug 2024, 23:08",,Leg Press (Machine),,,3,normal,270,8,,,
Legs,"6 Aug 2024, 21:41","6 Aug 2024, 23:08",,Leg Press (Machine),,,4,normal,360,6,,,
Legs,"6 Aug 2024, 21:41","6 Aug 2024, 23:08",,Reverse Lunge (Dumbbell),0,,0,normal,25,10,,,
Legs,"6 Aug 2024, 21:41","6 Aug 2024, 23:08",,Reverse Lunge (Dumbbell),0,,1,normal,25,8,,,
Legs,"6 Aug 2024, 21:41","6 Aug 2024, 23:08",,Reverse Lunge (Dumbbell),0,,2,normal,30,6,,,
Legs,"6 Aug 2024, 21:41","6 Aug 2024, 23:08",,Goblet Squat,0,,0,normal,45,10,,,
Legs,"6 Aug 2024, 21:41","6 Aug 2024, 23:08",,Goblet Squat,0,,1,normal,45,8,,,
Legs,"6 Aug 2024, 21:41","6 Aug 2024, 23:08",,Goblet Squat,0,,2,normal,45,6,,,
Legs,"6 Aug 2024, 21:41","6 Aug 2024, 23:08",,Seated Calf Raise,,,0,normal,40,12,,,
Legs,"6 Aug 2024, 21:41","6 Aug 2024, 23:08",,Seated Calf Raise,,,1,normal,47.5,10,,,
Legs,"6 Aug 2024, 21:41","6 Aug 2024, 23:08",,Seated Calf Raise,,,2,normal,47.5,8,,,
"Chest, Triceps, & Shoulders","4 Aug 2024, 16:51","4 Aug 2024, 18:10",,Bench Press (Barbell),,,0,warmup,65,12,,,
"Chest, Triceps, & Shoulders","4 Aug 2024, 16:51","4 Aug 2024, 18:10",,Bench Press (Barbell),,,1,normal,95,12,,,
"Chest, Triceps, & Shoulders","4 Aug 2024, 16:51","4 Aug 2024, 18:10",,Bench Press (Barbell),,,2,normal,125,10,,,
"Chest, Triceps, & Shoulders","4 Aug 2024, 16:51","4 Aug 2024, 18:10",,Bench Press (Barbell),,,3,normal,155,8,,,
"Chest, Triceps, & Shoulders","4 Aug 2024, 16:51","4 Aug 2024, 18:10",,Bench Press (Barbell),,,4,normal,165,5,,,
"Chest, Triceps, & Shoulders","4 Aug 2024, 16:51","4 Aug 2024, 18:10",,Shoulder Press (Dumbbell),,,0,normal,35,12,,,
"Chest, Triceps, & Shoulders","4 Aug 2024, 16:51","4 Aug 2024, 18:10",,Shoulder Press (Dumbbell),,,1,normal,45,10,,,
"Chest, Triceps, & Shoulders","4 Aug 2024, 16:51","4 Aug 2024, 18:10",,Shoulder Press (Dumbbell),,,2,normal,50,8,,,
"Chest, Triceps, & Shoulders","4 Aug 2024, 16:51","4 Aug 2024, 18:10",,Single Arm Tricep Extension (Dumbbell),,,0,normal,15,12,,,
"Chest, Triceps, & Shoulders","4 Aug 2024, 16:51","4 Aug 2024, 18:10",,Single Arm Tricep Extension (Dumbbell),,,1,normal,25,10,,,
"Chest, Triceps, & Shoulders","4 Aug 2024, 16:51","4 Aug 2024, 18:10",,Single Arm Tricep Extension (Dumbbell),,,2,normal,25,8,,,
"Chest, Triceps, & Shoulders","4 Aug 2024, 16:51","4 Aug 2024, 18:10",,Incline Bench Press (Dumbbell),,,0,normal,30,12,,,
"Chest, Triceps, & Shoulders","4 Aug 2024, 16:51","4 Aug 2024, 18:10",,Incline Bench Press (Dumbbell),,,1,normal,40,10,,,
"Chest, Triceps, & Shoulders","4 Aug 2024, 16:51","4 Aug 2024, 18:10",,Incline Bench Press (Dumbbell),,,2,normal,55,7,,,
"Chest, Triceps, & Shoulders","4 Aug 2024, 16:51","4 Aug 2024, 18:10",,Lateral Raise (Dumbbell),,,0,normal,15,12,,,
"Chest, Triceps, & Shoulders","4 Aug 2024, 16:51","4 Aug 2024, 18:10",,Lateral Raise (Dumbbell),,,1,normal,20,10,,,
"Chest, Triceps, & Shoulders","4 Aug 2024, 16:51","4 Aug 2024, 18:10",,Lateral Raise (Dumbbell),,,2,normal,20,8,,,
"Chest, Triceps, & Shoulders","4 Aug 2024, 16:51","4 Aug 2024, 18:10",,Triceps Pushdown,,,0,normal,80,12,,,
"Chest, Triceps, & Shoulders","4 Aug 2024, 16:51","4 Aug 2024, 18:10",,Triceps Pushdown,,,1,normal,120,10,,,
"Chest, Triceps, & Shoulders","4 Aug 2024, 16:51","4 Aug 2024, 18:10",,Triceps Pushdown,,,2,normal,140,8,,,
Back & Biceps,"2 Aug 2024, 21:42","2 Aug 2024, 22:52",,Lat Pulldown (Machine),,,0,normal,120,12,,,
Back & Biceps,"2 Aug 2024, 21:42","2 Aug 2024, 22:52",,Lat Pulldown (Machine),,,1,normal,125,10,,,
Back & Biceps,"2 Aug 2024, 21:42","2 Aug 2024, 22:52",,Lat Pulldown (Machine),,,2,normal,125,8,,,
Back & Biceps,"2 Aug 2024, 21:42","2 Aug 2024, 22:52",,Bicep Curl (Cable),,,0,normal,50,12,,,
Back & Biceps,"2 Aug 2024, 21:42","2 Aug 2024, 22:52",,Bicep Curl (Cable),,,1,normal,65,10,,,
Back & Biceps,"2 Aug 2024, 21:42","2 Aug 2024, 22:52",,Bicep Curl (Cable),,,2,normal,65,8,,,
Back & Biceps,"2 Aug 2024, 21:42","2 Aug 2024, 22:52",,Iso-Lateral High Row (Machine),,,0,normal,40,12,,,
Back & Biceps,"2 Aug 2024, 21:42","2 Aug 2024, 22:52",,Iso-Lateral High Row (Machine),,,1,normal,70,12,,,
Back & Biceps,"2 Aug 2024, 21:42","2 Aug 2024, 22:52",,Iso-Lateral High Row (Machine),,,2,normal,90,10,,,
Back & Biceps,"2 Aug 2024, 21:42","2 Aug 2024, 22:52",,Iso-Lateral High Row (Machine),,,3,normal,100,8,,,
Back & Biceps,"2 Aug 2024, 21:42","2 Aug 2024, 22:52",,Concentration Curl,,,0,normal,20,12,,,
Back & Biceps,"2 Aug 2024, 21:42","2 Aug 2024, 22:52",,Concentration Curl,,,1,normal,25,10,,,
Back & Biceps,"2 Aug 2024, 21:42","2 Aug 2024, 22:52",,Concentration Curl,,,2,normal,40,3,,,
Back & Biceps,"2 Aug 2024, 21:42","2 Aug 2024, 22:52",,Concentration Curl,,,3,normal,30,7,,,
Back & Biceps,"2 Aug 2024, 21:42","2 Aug 2024, 22:52",,Dumbbell Row,,,0,normal,30,12,,,
Back & Biceps,"2 Aug 2024, 21:42","2 Aug 2024, 22:52",,Dumbbell Row,,,1,normal,40,10,,,
Back & Biceps,"2 Aug 2024, 21:42","2 Aug 2024, 22:52",,Dumbbell Row,,,2,normal,50,8,,,
Back & Biceps,"2 Aug 2024, 21:42","2 Aug 2024, 22:52",,Preacher Curl (Dumbbell),,,0,normal,20,12,,,
Back & Biceps,"2 Aug 2024, 21:42","2 Aug 2024, 22:52",,Preacher Curl (Dumbbell),,,1,normal,30,4,,,
Back & Biceps,"2 Aug 2024, 21:42","2 Aug 2024, 22:52",,Preacher Curl (Dumbbell),,,2,normal,25,7,,,
Back & Biceps,"2 Aug 2024, 21:42","2 Aug 2024, 22:52",,Flutter Kicks,,,0,normal,,10,,,
Back & Biceps,"2 Aug 2024, 21:42","2 Aug 2024, 22:52",,Flutter Kicks,,,1,normal,,10,,,
Back & Biceps,"2 Aug 2024, 21:42","2 Aug 2024, 22:52",,Flutter Kicks,,,2,normal,,10,,,
Legs,"31 Jul 2024, 21:46","31 Jul 2024, 22:52",,Squat (Barbell),,,0,warmup,75,12,,,
Legs,"31 Jul 2024, 21:46","31 Jul 2024, 22:52",,Squat (Barbell),,,1,normal,105,12,,,
Legs,"31 Jul 2024, 21:46","31 Jul 2024, 22:52",,Squat (Barbell),,,2,normal,135,10,,,
Legs,"31 Jul 2024, 21:46","31 Jul 2024, 22:52",,Squat (Barbell),,,3,normal,165,9,,,
Legs,"31 Jul 2024, 21:46","31 Jul 2024, 22:52",,Seated Leg Curl (Machine),,,0,warmup,70,12,,,
Legs,"31 Jul 2024, 21:46","31 Jul 2024, 22:52",,Seated Leg Curl (Machine),,,1,normal,120,12,,,
Legs,"31 Jul 2024, 21:46","31 Jul 2024, 22:52",,Seated Leg Curl (Machine),,,2,normal,120,8,,,
Legs,"31 Jul 2024, 21:46","31 Jul 2024, 22:52",,Seated Leg Curl (Machine),,,3,normal,120,6,,,
Legs,"31 Jul 2024, 21:46","31 Jul 2024, 22:52",,Hip Abduction (Machine),,,0,normal,100,12,,,
Legs,"31 Jul 2024, 21:46","31 Jul 2024, 22:52",,Hip Abduction (Machine),,,1,normal,150,10,,,
Legs,"31 Jul 2024, 21:46","31 Jul 2024, 22:52",,Hip Abduction (Machine),,,2,normal,170,8,,,
Legs,"31 Jul 2024, 21:46","31 Jul 2024, 22:52",,Hip Adduction (Machine),,,0,normal,100,12,,,
Legs,"31 Jul 2024, 21:46","31 Jul 2024, 22:52",,Hip Adduction (Machine),,,1,normal,150,10,,,
Legs,"31 Jul 2024, 21:46","31 Jul 2024, 22:52",,Hip Adduction (Machine),,,2,normal,140,8,,,
Legs,"31 Jul 2024, 21:46","31 Jul 2024, 22:52",,Romanian Deadlift (Dumbbell),,,0,normal,35,12,,,
Legs,"31 Jul 2024, 21:46","31 Jul 2024, 22:52",,Romanian Deadlift (Dumbbell),,,1,normal,50,10,,,
Legs,"31 Jul 2024, 21:46","31 Jul 2024, 22:52",,Romanian Deadlift (Dumbbell),,,2,normal,60,8,,,
Legs,"31 Jul 2024, 21:46","31 Jul 2024, 22:52",,Single Leg Standing Calf Raise (Dumbbell),,,0,normal,20,12,,,
Legs,"31 Jul 2024, 21:46","31 Jul 2024, 22:52",,Single Leg Standing Calf Raise (Dumbbell),,,1,normal,30,10,,,
Legs,"31 Jul 2024, 21:46","31 Jul 2024, 22:52",,Single Leg Standing Calf Raise (Dumbbell),,,2,normal,40,15,,,
"Chest, Triceps, & Shoulders","29 Jul 2024, 21:43","29 Jul 2024, 22:48",,Bench Press (Barbell),,,0,normal,75,12,,,
"Chest, Triceps, & Shoulders","29 Jul 2024, 21:43","29 Jul 2024, 22:48",,Bench Press (Barbell),,,1,normal,115,10,,,
"Chest, Triceps, & Shoulders","29 Jul 2024, 21:43","29 Jul 2024, 22:48",,Bench Press (Barbell),,,2,normal,135,8,,,
"Chest, Triceps, & Shoulders","29 Jul 2024, 21:43","29 Jul 2024, 22:48",,Bench Press (Barbell),,,3,normal,150,7,,,
"Chest, Triceps, & Shoulders","29 Jul 2024, 21:43","29 Jul 2024, 22:48",,Shoulder Press (Dumbbell),,,0,warmup,20,12,,,
"Chest, Triceps, & Shoulders","29 Jul 2024, 21:43","29 Jul 2024, 22:48",,Shoulder Press (Dumbbell),,,1,normal,30,12,,,
"Chest, Triceps, & Shoulders","29 Jul 2024, 21:43","29 Jul 2024, 22:48",,Shoulder Press (Dumbbell),,,2,normal,40,10,,,
"Chest, Triceps, & Shoulders","29 Jul 2024, 21:43","29 Jul 2024, 22:48",,Shoulder Press (Dumbbell),,,3,normal,45,8,,,
"Chest, Triceps, & Shoulders","29 Jul 2024, 21:43","29 Jul 2024, 22:48",,Single Arm Tricep Extension (Dumbbell),,,0,normal,18,12,,,
"Chest, Triceps, & Shoulders","29 Jul 2024, 21:43","29 Jul 2024, 22:48",,Single Arm Tricep Extension (Dumbbell),,,1,normal,20,10,,,
"Chest, Triceps, & Shoulders","29 Jul 2024, 21:43","29 Jul 2024, 22:48",,Single Arm Tricep Extension (Dumbbell),,,2,normal,25,8,,,
"Chest, Triceps, & Shoulders","29 Jul 2024, 21:43","29 Jul 2024, 22:48",,Incline Bench Press (Dumbbell),,,0,normal,25,12,,,
"Chest, Triceps, & Shoulders","29 Jul 2024, 21:43","29 Jul 2024, 22:48",,Incline Bench Press (Dumbbell),,,1,normal,35,10,,,
"Chest, Triceps, & Shoulders","29 Jul 2024, 21:43","29 Jul 2024, 22:48",,Incline Bench Press (Dumbbell),,,2,normal,45,8,,,
"Chest, Triceps, & Shoulders","29 Jul 2024, 21:43","29 Jul 2024, 22:48",,Lateral Raise (Dumbbell),,,0,normal,10,12,,,
"Chest, Triceps, & Shoulders","29 Jul 2024, 21:43","29 Jul 2024, 22:48",,Lateral Raise (Dumbbell),,,1,normal,20,10,,,
"Chest, Triceps, & Shoulders","29 Jul 2024, 21:43","29 Jul 2024, 22:48",,Lateral Raise (Dumbbell),,,2,normal,20,8,,,
"Chest, Triceps, & Shoulders","29 Jul 2024, 21:43","29 Jul 2024, 22:48",,Triceps Pushdown,,,0,normal,70,12,,,
"Chest, Triceps, & Shoulders","29 Jul 2024, 21:43","29 Jul 2024, 22:48",,Triceps Pushdown,,,1,normal,110,10,,,
"Chest, Triceps, & Shoulders","29 Jul 2024, 21:43","29 Jul 2024, 22:48",,Triceps Pushdown,,,2,normal,120,8,,,
Back & Biceps,"28 Jul 2024, 20:43","28 Jul 2024, 21:42",,Lat Pulldown (Machine),,,0,warmup,85,12,,,
Back & Biceps,"28 Jul 2024, 20:43","28 Jul 2024, 21:42",,Lat Pulldown (Machine),,,1,normal,100,12,,,
Back & Biceps,"28 Jul 2024, 20:43","28 Jul 2024, 21:42",,Lat Pulldown (Machine),,,2,normal,120,10,,,
Back & Biceps,"28 Jul 2024, 20:43","28 Jul 2024, 21:42",,Lat Pulldown (Machine),,,3,normal,140,8,,,
Back & Biceps,"28 Jul 2024, 20:43","28 Jul 2024, 21:42",,Bicep Curl (Cable),,,0,normal,65,10,,,
Back & Biceps,"28 Jul 2024, 20:43","28 Jul 2024, 21:42",,Bicep Curl (Cable),,,1,normal,65,10,,,
Back & Biceps,"28 Jul 2024, 20:43","28 Jul 2024, 21:42",,Bicep Curl (Cable),,,2,normal,65,8,,,
Back & Biceps,"28 Jul 2024, 20:43","28 Jul 2024, 21:42",,Bicep Curl (Cable),,,3,normal,50,10,,,
Back & Biceps,"28 Jul 2024, 20:43","28 Jul 2024, 21:42",,Iso-Lateral High Row (Machine),,,0,normal,70,12,,,
Back & Biceps,"28 Jul 2024, 20:43","28 Jul 2024, 21:42",,Iso-Lateral High Row (Machine),,,1,normal,100,7,,,
Back & Biceps,"28 Jul 2024, 20:43","28 Jul 2024, 21:42",,Iso-Lateral High Row (Machine),,,2,normal,50,10,,,
Back & Biceps,"28 Jul 2024, 20:43","28 Jul 2024, 21:42",,Concentration Curl,,,0,normal,15,12,,,
Back & Biceps,"28 Jul 2024, 20:43","28 Jul 2024, 21:42",,Concentration Curl,,,1,normal,20,10,,,
Back & Biceps,"28 Jul 2024, 20:43","28 Jul 2024, 21:42",,Concentration Curl,,,2,normal,25,8,,,
Back & Biceps,"28 Jul 2024, 20:43","28 Jul 2024, 21:42",,Dumbbell Row,,,0,normal,30,12,,,
Back & Biceps,"28 Jul 2024, 20:43","28 Jul 2024, 21:42",,Dumbbell Row,,,1,normal,35,10,,,
Back & Biceps,"28 Jul 2024, 20:43","28 Jul 2024, 21:42",,Dumbbell Row,,,2,normal,40,8,,,
Back & Biceps,"28 Jul 2024, 20:43","28 Jul 2024, 21:42",,Preacher Curl (Dumbbell),,,0,normal,15,12,,,
Back & Biceps,"28 Jul 2024, 20:43","28 Jul 2024, 21:42",,Preacher Curl (Dumbbell),,,1,normal,25,10,,,
Back & Biceps,"28 Jul 2024, 20:43","28 Jul 2024, 21:42",,Preacher Curl (Dumbbell),,,2,normal,25,8,,,
Legs,"27 Jul 2024, 21:19","27 Jul 2024, 22:40",,Squat (Barbell),,,0,warmup,45,12,,,
Legs,"27 Jul 2024, 21:19","27 Jul 2024, 22:40",,Squat (Barbell),,,1,normal,75,12,,,
Legs,"27 Jul 2024, 21:19","27 Jul 2024, 22:40",,Squat (Barbell),,,2,normal,115,10,,,
Legs,"27 Jul 2024, 21:19","27 Jul 2024, 22:40",,Squat (Barbell),,,3,normal,155,9,,,
Legs,"27 Jul 2024, 21:19","27 Jul 2024, 22:40",,Seated Leg Curl (Machine),,,0,warmup,55,12,,,
Legs,"27 Jul 2024, 21:19","27 Jul 2024, 22:40",,Seated Leg Curl (Machine),,,1,normal,115,12,,,
Legs,"27 Jul 2024, 21:19","27 Jul 2024, 22:40",,Seated Leg Curl (Machine),,,2,normal,145,10,,,
Legs,"27 Jul 2024, 21:19","27 Jul 2024, 22:40",,Seated Leg Curl (Machine),,,3,normal,160,8,,,
Legs,"27 Jul 2024, 21:19","27 Jul 2024, 22:40",,Hip Abduction (Machine),,,0,normal,100,12,,,
Legs,"27 Jul 2024, 21:19","27 Jul 2024, 22:40",,Hip Abduction (Machine),,,1,normal,145,10,,,
Legs,"27 Jul 2024, 21:19","27 Jul 2024, 22:40",,Hip Abduction (Machine),,,2,normal,160,8,,,
Legs,"27 Jul 2024, 21:19","27 Jul 2024, 22:40",,Hip Adduction (Machine),,,0,normal,100,12,,,
Legs,"27 Jul 2024, 21:19","27 Jul 2024, 22:40",,Hip Adduction (Machine),,,1,normal,130,10,,,
Legs,"27 Jul 2024, 21:19","27 Jul 2024, 22:40",,Hip Adduction (Machine),,,2,normal,175,12,,,
Legs,"27 Jul 2024, 21:19","27 Jul 2024, 22:40",,Romanian Deadlift (Dumbbell),,,0,normal,35,12,,,
Legs,"27 Jul 2024, 21:19","27 Jul 2024, 22:40",,Romanian Deadlift (Dumbbell),,,1,normal,45,10,,,
Legs,"27 Jul 2024, 21:19","27 Jul 2024, 22:40",,Romanian Deadlift (Dumbbell),,,2,normal,55,8,,,
Legs,"27 Jul 2024, 21:19","27 Jul 2024, 22:40",,Single Leg Standing Calf Raise (Dumbbell),,,0,normal,20,12,,,
Legs,"27 Jul 2024, 21:19","27 Jul 2024, 22:40",,Single Leg Standing Calf Raise (Dumbbell),,,1,normal,30,10,,,
Legs,"27 Jul 2024, 21:19","27 Jul 2024, 22:40",,Single Leg Standing Calf Raise (Dumbbell),,,2,normal,35,8,,,
1. Chest Shoulders and Triceps,"25 Jul 2024, 8:42","25 Jul 2024, 10:14",,Bench Press (Barbell),,,0,warmup,45,12,,,
1. Chest Shoulders and Triceps,"25 Jul 2024, 8:42","25 Jul 2024, 10:14",,Bench Press (Barbell),,,1,normal,75,12,,,
1. Chest Shoulders and Triceps,"25 Jul 2024, 8:42","25 Jul 2024, 10:14",,Bench Press (Barbell),,,2,normal,105,10,,,
1. Chest Shoulders and Triceps,"25 Jul 2024, 8:42","25 Jul 2024, 10:14",,Bench Press (Barbell),,,3,normal,125,8,,,
1. Chest Shoulders and Triceps,"25 Jul 2024, 8:42","25 Jul 2024, 10:14",,Bench Press (Barbell),,,4,normal,135,6,,,
1. Chest Shoulders and Triceps,"25 Jul 2024, 8:42","25 Jul 2024, 10:14",,Shoulder Press (Dumbbell),,,0,warmup,20,12,,,
1. Chest Shoulders and Triceps,"25 Jul 2024, 8:42","25 Jul 2024, 10:14",,Shoulder Press (Dumbbell),,,1,normal,25,12,,,
1. Chest Shoulders and Triceps,"25 Jul 2024, 8:42","25 Jul 2024, 10:14",,Shoulder Press (Dumbbell),,,2,normal,35,10,,,
1. Chest Shoulders and Triceps,"25 Jul 2024, 8:42","25 Jul 2024, 10:14",,Shoulder Press (Dumbbell),,,3,normal,40,8,,,
1. Chest Shoulders and Triceps,"25 Jul 2024, 8:42","25 Jul 2024, 10:14",,Single Arm Tricep Extension (Dumbbell),,,0,normal,15,12,,,
1. Chest Shoulders and Triceps,"25 Jul 2024, 8:42","25 Jul 2024, 10:14",,Single Arm Tricep Extension (Dumbbell),,,1,normal,20,10,,,
1. Chest Shoulders and Triceps,"25 Jul 2024, 8:42","25 Jul 2024, 10:14",,Single Arm Tricep Extension (Dumbbell),,,2,normal,20,8,,,
1. Chest Shoulders and Triceps,"25 Jul 2024, 8:42","25 Jul 2024, 10:14",,Incline Bench Press (Dumbbell),,,0,normal,25,12,,,
1. Chest Shoulders and Triceps,"25 Jul 2024, 8:42","25 Jul 2024, 10:14",,Incline Bench Press (Dumbbell),,,1,normal,35,10,,,
1. Chest Shoulders and Triceps,"25 Jul 2024, 8:42","25 Jul 2024, 10:14",,Incline Bench Press (Dumbbell),,,2,normal,40,8,,,
1. Chest Shoulders and Triceps,"25 Jul 2024, 8:42","25 Jul 2024, 10:14",,Lateral Raise (Dumbbell),,,0,normal,10,12,,,
1. Chest Shoulders and Triceps,"25 Jul 2024, 8:42","25 Jul 2024, 10:14",,Lateral Raise (Dumbbell),,,1,normal,20,10,,,
1. Chest Shoulders and Triceps,"25 Jul 2024, 8:42","25 Jul 2024, 10:14",,Lateral Raise (Dumbbell),,,2,normal,20,8,,,
1. Chest Shoulders and Triceps,"25 Jul 2024, 8:42","25 Jul 2024, 10:14",,Bench Press - Close Grip (Barbell),,,0,normal,55,12,,,
1. Chest Shoulders and Triceps,"25 Jul 2024, 8:42","25 Jul 2024, 10:14",,Bench Press - Close Grip (Barbell),,,1,normal,85,10,,,
1. Chest Shoulders and Triceps,"25 Jul 2024, 8:42","25 Jul 2024, 10:14",,Bench Press - Close Grip (Barbell),,,2,normal,105,8,,,
Back and Biceps,"24 Jul 2024, 7:07","24 Jul 2024, 8:00",,Lat Pulldown (Machine),,,0,warmup,85,12,,,
Back and Biceps,"24 Jul 2024, 7:07","24 Jul 2024, 8:00",,Lat Pulldown (Machine),,,1,normal,100,12,,,
Back and Biceps,"24 Jul 2024, 7:07","24 Jul 2024, 8:00",,Lat Pulldown (Machine),,,2,normal,115,10,,,
Back and Biceps,"24 Jul 2024, 7:07","24 Jul 2024, 8:00",,Lat Pulldown (Machine),,,3,normal,130,8,,,
Back and Biceps,"24 Jul 2024, 7:07","24 Jul 2024, 8:00",,Bicep Curl (Cable),,,0,normal,70,12,,,
Back and Biceps,"24 Jul 2024, 7:07","24 Jul 2024, 8:00",,Bicep Curl (Cable),,,1,normal,90,10,,,
Back and Biceps,"24 Jul 2024, 7:07","24 Jul 2024, 8:00",,Bicep Curl (Cable),,,2,normal,110,8,,,
Back and Biceps,"24 Jul 2024, 7:07","24 Jul 2024, 8:00",,Iso-Lateral High Row (Machine),,,0,normal,40,12,,,
Back and Biceps,"24 Jul 2024, 7:07","24 Jul 2024, 8:00",,Iso-Lateral High Row (Machine),,,1,normal,50,10,,,
Back and Biceps,"24 Jul 2024, 7:07","24 Jul 2024, 8:00",,Iso-Lateral High Row (Machine),,,2,normal,70,8,,,
Back and Biceps,"24 Jul 2024, 7:07","24 Jul 2024, 8:00",,Concentration Curl,,,0,normal,20,12,,,
Back and Biceps,"24 Jul 2024, 7:07","24 Jul 2024, 8:00",,Concentration Curl,,,1,normal,25,7,,,
Back and Biceps,"24 Jul 2024, 7:07","24 Jul 2024, 8:00",,Concentration Curl,,,2,normal,20,8,,,
Back and Biceps,"24 Jul 2024, 7:07","24 Jul 2024, 8:00",,Dumbbell Row,,,0,normal,30,12,,,
Back and Biceps,"24 Jul 2024, 7:07","24 Jul 2024, 8:00",,Dumbbell Row,,,1,normal,35,10,,,
Back and Biceps,"24 Jul 2024, 7:07","24 Jul 2024, 8:00",,Dumbbell Row,,,2,normal,40,8,,,
Back and Biceps,"24 Jul 2024, 7:07","24 Jul 2024, 8:00",,Preacher Curl (Dumbbell),,,0,normal,15,12,,,
Back and Biceps,"24 Jul 2024, 7:07","24 Jul 2024, 8:00",,Preacher Curl (Dumbbell),,,1,normal,20,10,,,
Back and Biceps,"24 Jul 2024, 7:07","24 Jul 2024, 8:00",,Preacher Curl (Dumbbell),,,2,normal,25,8,,,
Back and Biceps,"24 Jul 2024, 7:07","24 Jul 2024, 8:00",,Seated Wrist Extension (Barbell),,,0,failure,40,20,,,
Back and Biceps,"24 Jul 2024, 7:07","24 Jul 2024, 8:00",,Seated Wrist Extension (Barbell),,,1,failure,40,15,,,
Back and Biceps,"24 Jul 2024, 7:07","24 Jul 2024, 8:00",,Seated Wrist Extension (Barbell),,,2,failure,40,9,,,